country,alpha_2_code,alpha_3_code,numeric_code,indicator,time_period,obs_value,sex,unit_multiplier,unit_of_measure,observation_status,observation_confidentaility,time_period_activity_related_to_when_the_data_are_collected,current_age
Afghanistan,AF,AFG,4,Percentage of adolescents (aged 15-19 years) in the labour force who are unemployed,2021,8.6,Female,,%,Reanalysed,Free,End of fieldwork,15 to 19 years old
Afghanistan,AF,AFG,4,Percentage of adolescents (aged 15-19 years) in the labour force who are unemployed,2021,8.8,Male,,%,Reanalysed,Free,End of fieldwork,15 to 19 years old
Afghanistan,AF,AFG,4,Percentage of adolescents (aged 15-19 years) in the labour force who are unemployed,2021,8.8,Total,,%,Reanalysed,Free,End of fieldwork,15 to 19 years old
Albania,AL,ALB,8,Percentage of adolescents (aged 15-19 years) in the labour force who are unemployed,2021,25.8,Female,,%,Reanalysed,Free,End of fieldwork,15 to 19 years old
Albania,AL,ALB,8,Percentage of adolescents (aged 15-19 years) in the labour force who are unemployed,2021,29.1,Male,,%,Reanalysed,Free,End of fieldwork,15 to 19 years old
Albania,AL,ALB,8,Percentage of adolescents (aged 15-19 years) in the labour force who are unemployed,2021,27.6,Total,,%,Reanalysed,Free,End of fieldwork,15 to 19 years old
Algeria,DZ,DZA,12,Percentage of adolescents (aged 15-19 years) in the labour force who are unemployed,2017,38.4,Female,,%,Reanalysed,Free,End of fieldwork,15 to 19 years old
Algeria,DZ,DZA,12,Percentage of adolescents (aged 15-19 years) in the labour force who are unemployed,2017,32.3,Male,,%,Reanalysed,Free,End of fieldwork,15 to 19 years old
Algeria,DZ,DZA,12,Percentage of adolescents (aged 15-19 years) in the labour force who are unemployed,2017,32.9,Total,,%,Reanalysed,Free,End of fieldwork,15 to 19 years old
Angola,AO,AGO,24,Percentage of adolescents (aged 15-19 years) in the labour force who are unemployed,2021,21.1,Female,,%,Reanalysed,Free,End of fieldwork,15 to 19 years old
Angola,AO,AGO,24,Percentage of adolescents (aged 15-19 years) in the labour force who are unemployed,2021,25.4,Male,,%,Reanalysed,Free,End of fieldwork,15 to 19 years old
Angola,AO,AGO,24,Percentage of adolescents (aged 15-19 years) in the labour force who are unemployed,2021,23.3,Total,,%,Reanalysed,Free,End of fieldwork,15 to 19 years old
Argentina,AR,ARG,32,Percentage of adolescents (aged 15-19 years) in the labour force who are unemployed,2023,29.9,Female,,%,Reanalysed,Free,End of fieldwork,15 to 19 years old
Argentina,AR,ARG,32,Percentage of adolescents (aged 15-19 years) in the labour force who are unemployed,2023,23.5,Male,,%,Reanalysed,Free,End of fieldwork,15 to 19 years old
Argentina,AR,ARG,32,Percentage of adolescents (aged 15-19 years) in the labour force who are unemployed,2023,26.1,Total,,%,Reanalysed,Free,End of fieldwork,15 to 19 years old
Armenia,AM,ARM,51,Percentage of adolescents (aged 15-19 years) in the labour force who are unemployed,2021,42.1,Female,,%,Reanalysed,Free,End of fieldwork,15 to 19 years old
Armenia,AM,ARM,51,Percentage of adolescents (aged 15-19 years) in the labour force who are unemployed,2021,28,Total,,%,Reanalysed,Free,End of fieldwork,15 to 19 years old
Aruba,AW,ABW,533,Percentage of adolescents (aged 15-19 years) in the labour force who are unemployed,2011,12.8,Female,,%,Reanalysed,Free,End of fieldwork,15 to 19 years old
Aruba,AW,ABW,533,Percentage of adolescents (aged 15-19 years) in the labour force who are unemployed,2011,26.1,Male,,%,Reanalysed,Free,End of fieldwork,15 to 19 years old
Aruba,AW,ABW,533,Percentage of adolescents (aged 15-19 years) in the labour force who are unemployed,2011,23.6,Total,,%,Reanalysed,Free,End of fieldwork,15 to 19 years old
Australia,AU,AUS,36,Percentage of adolescents (aged 15-19 years) in the labour force who are unemployed,2023,11,Female,,%,Reanalysed,Free,End of fieldwork,15 to 19 years old
Australia,AU,AUS,36,Percentage of adolescents (aged 15-19 years) in the labour force who are unemployed,2023,13.5,Male,,%,Reanalysed,Free,End of fieldwork,15 to 19 years old
Australia,AU,AUS,36,Percentage of adolescents (aged 15-19 years) in the labour force who are unemployed,2023,12.3,Total,,%,Reanalysed,Free,End of fieldwork,15 to 19 years old
Austria,AT,AUT,40,Percentage of adolescents (aged 15-19 years) in the labour force who are unemployed,2023,15.8,Female,,%,Reanalysed,Free,End of fieldwork,15 to 19 years old
Austria,AT,AUT,40,Percentage of adolescents (aged 15-19 years) in the labour force who are unemployed,2023,13.5,Male,,%,Reanalysed,Free,End of fieldwork,15 to 19 years old
Austria,AT,AUT,40,Percentage of adolescents (aged 15-19 years) in the labour force who are unemployed,2023,14.5,Total,,%,Reanalysed,Free,End of fieldwork,15 to 19 years old
Azerbaijan,AZ,AZE,31,Percentage of adolescents (aged 15-19 years) in the labour force who are unemployed,2022,15.4,Female,,%,Reanalysed,Free,End of fieldwork,15 to 19 years old
Azerbaijan,AZ,AZE,31,Percentage of adolescents (aged 15-19 years) in the labour force who are unemployed,2022,12.1,Male,,%,Reanalysed,Free,End of fieldwork,15 to 19 years old
Azerbaijan,AZ,AZE,31,Percentage of adolescents (aged 15-19 years) in the labour force who are unemployed,2022,13.6,Total,,%,Reanalysed,Free,End of fieldwork,15 to 19 years old
Bahamas,BS,BHS,44,Percentage of adolescents (aged 15-19 years) in the labour force who are unemployed,2023,25.8,Female,,%,Reanalysed,Free,End of fieldwork,15 to 19 years old
Bahamas,BS,BHS,44,Percentage of adolescents (aged 15-19 years) in the labour force who are unemployed,2023,20.1,Male,,%,Reanalysed,Free,End of fieldwork,15 to 19 years old
Bahamas,BS,BHS,44,Percentage of adolescents (aged 15-19 years) in the labour force who are unemployed,2023,22.7,Total,,%,Reanalysed,Free,End of fieldwork,15 to 19 years old
Bahrain,BH,BHR,48,Percentage of adolescents (aged 15-19 years) in the labour force who are unemployed,2012,20.6,Female,,%,Reanalysed,Free,End of fieldwork,15 to 19 years old
Bahrain,BH,BHR,48,Percentage of adolescents (aged 15-19 years) in the labour force who are unemployed,2012,10.4,Male,,%,Reanalysed,Free,End of fieldwork,15 to 19 years old
Bahrain,BH,BHR,48,Percentage of adolescents (aged 15-19 years) in the labour force who are unemployed,2012,12.6,Total,,%,Reanalysed,Free,End of fieldwork,15 to 19 years old
Bangladesh,BD,BGD,50,Percentage of adolescents (aged 15-19 years) in the labour force who are unemployed,2022,8,Female,,%,Reanalysed,Free,End of fieldwork,15 to 19 years old
Bangladesh,BD,BGD,50,Percentage of adolescents (aged 15-19 years) in the labour force who are unemployed,2022,15.3,Male,,%,Reanalysed,Free,End of fieldwork,15 to 19 years old
Bangladesh,BD,BGD,50,Percentage of adolescents (aged 15-19 years) in the labour force who are unemployed,2022,11.9,Total,,%,Reanalysed,Free,End of fieldwork,15 to 19 years old
Barbados,BB,BRB,52,Percentage of adolescents (aged 15-19 years) in the labour force who are unemployed,2019,29,Female,,%,Reanalysed,Free,End of fieldwork,15 to 19 years old
Barbados,BB,BRB,52,Percentage of adolescents (aged 15-19 years) in the labour force who are unemployed,2019,49.5,Male,,%,Reanalysed,Free,End of fieldwork,15 to 19 years old
Barbados,BB,BRB,52,Percentage of adolescents (aged 15-19 years) in the labour force who are unemployed,2019,41.8,Total,,%,Reanalysed,Free,End of fieldwork,15 to 19 years old
Belarus,BY,BLR,112,Percentage of adolescents (aged 15-19 years) in the labour force who are unemployed,2023,31.2,Female,,%,Reanalysed,Free,End of fieldwork,15 to 19 years old
Belarus,BY,BLR,112,Percentage of adolescents (aged 15-19 years) in the labour force who are unemployed,2023,31,Male,,%,Reanalysed,Free,End of fieldwork,15 to 19 years old
Belarus,BY,BLR,112,Percentage of adolescents (aged 15-19 years) in the labour force who are unemployed,2023,31.1,Total,,%,Reanalysed,Free,End of fieldwork,15 to 19 years old
Belgium,BE,BEL,56,Percentage of adolescents (aged 15-19 years) in the labour force who are unemployed,2023,19.7,Female,,%,Reanalysed,Free,End of fieldwork,15 to 19 years old
Belgium,BE,BEL,56,Percentage of adolescents (aged 15-19 years) in the labour force who are unemployed,2023,23.7,Male,,%,Reanalysed,Free,End of fieldwork,15 to 19 years old
Belgium,BE,BEL,56,Percentage of adolescents (aged 15-19 years) in the labour force who are unemployed,2023,21.7,Total,,%,Reanalysed,Free,End of fieldwork,15 to 19 years old
Belize,BZ,BLZ,84,Percentage of adolescents (aged 15-19 years) in the labour force who are unemployed,2019,34.4,Female,,%,Reanalysed,Free,End of fieldwork,15 to 19 years old
Belize,BZ,BLZ,84,Percentage of adolescents (aged 15-19 years) in the labour force who are unemployed,2019,14.9,Male,,%,Reanalysed,Free,End of fieldwork,15 to 19 years old
Belize,BZ,BLZ,84,Percentage of adolescents (aged 15-19 years) in the labour force who are unemployed,2019,22.2,Total,,%,Reanalysed,Free,End of fieldwork,15 to 19 years old
Benin,BJ,BEN,204,Percentage of adolescents (aged 15-19 years) in the labour force who are unemployed,2022,1.7,Female,,%,Reanalysed,Free,End of fieldwork,15 to 19 years old
Benin,BJ,BEN,204,Percentage of adolescents (aged 15-19 years) in the labour force who are unemployed,2022,2.5,Male,,%,Reanalysed,Free,End of fieldwork,15 to 19 years old
Benin,BJ,BEN,204,Percentage of adolescents (aged 15-19 years) in the labour force who are unemployed,2022,2.1,Total,,%,Reanalysed,Free,End of fieldwork,15 to 19 years old
Bermuda,BM,BMU,60,Percentage of adolescents (aged 15-19 years) in the labour force who are unemployed,2012,57.1,Female,,%,Reanalysed,Free,End of fieldwork,16 to 19 years old
Bermuda,BM,BMU,60,Percentage of adolescents (aged 15-19 years) in the labour force who are unemployed,2012,44,Male,,%,Reanalysed,Free,End of fieldwork,16 to 19 years old
Bermuda,BM,BMU,60,Percentage of adolescents (aged 15-19 years) in the labour force who are unemployed,2012,51.7,Total,,%,Reanalysed,Free,End of fieldwork,16 to 19 years old
Bhutan,BT,BTN,64,Percentage of adolescents (aged 15-19 years) in the labour force who are unemployed,2022,44.1,Female,,%,Reanalysed,Free,End of fieldwork,15 to 19 years old
Bhutan,BT,BTN,64,Percentage of adolescents (aged 15-19 years) in the labour force who are unemployed,2022,30.4,Male,,%,Reanalysed,Free,End of fieldwork,15 to 19 years old
Bhutan,BT,BTN,64,Percentage of adolescents (aged 15-19 years) in the labour force who are unemployed,2022,37.5,Total,,%,Reanalysed,Free,End of fieldwork,15 to 19 years old
"Bolivia, Plurinational State of",BO,BOL,68,Percentage of adolescents (aged 15-19 years) in the labour force who are unemployed,2023,3.4,Female,,%,Reanalysed,Free,End of fieldwork,15 to 19 years old
"Bolivia, Plurinational State of",BO,BOL,68,Percentage of adolescents (aged 15-19 years) in the labour force who are unemployed,2023,3.6,Male,,%,Reanalysed,Free,End of fieldwork,15 to 19 years old
"Bolivia, Plurinational State of",BO,BOL,68,Percentage of adolescents (aged 15-19 years) in the labour force who are unemployed,2023,3.5,Total,,%,Reanalysed,Free,End of fieldwork,15 to 19 years old
Bosnia and Herzegovina,BA,BIH,70,Percentage of adolescents (aged 15-19 years) in the labour force who are unemployed,2023,26.5,Female,,%,Reanalysed,Free,End of fieldwork,15 to 19 years old
Bosnia and Herzegovina,BA,BIH,70,Percentage of adolescents (aged 15-19 years) in the labour force who are unemployed,2023,45.6,Male,,%,Reanalysed,Free,End of fieldwork,15 to 19 years old
Bosnia and Herzegovina,BA,BIH,70,Percentage of adolescents (aged 15-19 years) in the labour force who are unemployed,2023,40.6,Total,,%,Reanalysed,Free,End of fieldwork,15 to 19 years old
Botswana,BW,BWA,72,Percentage of adolescents (aged 15-19 years) in the labour force who are unemployed,2023,73.7,Female,,%,Reanalysed,Free,End of fieldwork,15 to 19 years old
Botswana,BW,BWA,72,Percentage of adolescents (aged 15-19 years) in the labour force who are unemployed,2023,45.1,Male,,%,Reanalysed,Free,End of fieldwork,15 to 19 years old
Botswana,BW,BWA,72,Percentage of adolescents (aged 15-19 years) in the labour force who are unemployed,2023,54.9,Total,,%,Reanalysed,Free,End of fieldwork,15 to 19 years old
Brazil,BR,BRA,76,Percentage of adolescents (aged 15-19 years) in the labour force who are unemployed,2023,31.7,Female,,%,Reanalysed,Free,End of fieldwork,15 to 19 years old
Brazil,BR,BRA,76,Percentage of adolescents (aged 15-19 years) in the labour force who are unemployed,2023,23.2,Male,,%,Reanalysed,Free,End of fieldwork,15 to 19 years old
Brazil,BR,BRA,76,Percentage of adolescents (aged 15-19 years) in the labour force who are unemployed,2023,26.9,Total,,%,Reanalysed,Free,End of fieldwork,15 to 19 years old
Brunei,BN,BRN,96,Percentage of adolescents (aged 15-19 years) in the labour force who are unemployed,2023,38.8,Female,,%,Reanalysed,Free,End of fieldwork,15 to 19 years old
Brunei,BN,BRN,96,Percentage of adolescents (aged 15-19 years) in the labour force who are unemployed,2023,31.8,Male,,%,Reanalysed,Free,End of fieldwork,15 to 19 years old
Brunei,BN,BRN,96,Percentage of adolescents (aged 15-19 years) in the labour force who are unemployed,2023,34.5,Total,,%,Reanalysed,Free,End of fieldwork,15 to 19 years old
Bulgaria,BG,BGR,100,Percentage of adolescents (aged 15-19 years) in the labour force who are unemployed,2021,29.5,Total,,%,Reanalysed,Free,End of fieldwork,15 to 19 years old
Burkina Faso,BF,BFA,854,Percentage of adolescents (aged 15-19 years) in the labour force who are unemployed,2023,10.2,Female,,%,Reanalysed,Free,End of fieldwork,15 to 19 years old
Burkina Faso,BF,BFA,854,Percentage of adolescents (aged 15-19 years) in the labour force who are unemployed,2023,8.7,Male,,%,Reanalysed,Free,End of fieldwork,15 to 19 years old
Burkina Faso,BF,BFA,854,Percentage of adolescents (aged 15-19 years) in the labour force who are unemployed,2023,9.5,Total,,%,Reanalysed,Free,End of fieldwork,15 to 19 years old
Burundi,BI,BDI,108,Percentage of adolescents (aged 15-19 years) in the labour force who are unemployed,2020,1,Female,,%,Reanalysed,Free,End of fieldwork,15 to 19 years old
Burundi,BI,BDI,108,Percentage of adolescents (aged 15-19 years) in the labour force who are unemployed,2020,2.3,Male,,%,Reanalysed,Free,End of fieldwork,15 to 19 years old
Burundi,BI,BDI,108,Percentage of adolescents (aged 15-19 years) in the labour force who are unemployed,2020,1.6,Total,,%,Reanalysed,Free,End of fieldwork,15 to 19 years old
Cape Verde,CV,CPV,132,Percentage of adolescents (aged 15-19 years) in the labour force who are unemployed,2018,47.1,Female,,%,Reanalysed,Free,End of fieldwork,15 to 19 years old
Cape Verde,CV,CPV,132,Percentage of adolescents (aged 15-19 years) in the labour force who are unemployed,2018,27.1,Male,,%,Reanalysed,Free,End of fieldwork,15 to 19 years old
Cape Verde,CV,CPV,132,Percentage of adolescents (aged 15-19 years) in the labour force who are unemployed,2018,34.5,Total,,%,Reanalysed,Free,End of fieldwork,15 to 19 years old
Cambodia,KH,KHM,116,Percentage of adolescents (aged 15-19 years) in the labour force who are unemployed,2021,0.9,Total,,%,Reanalysed,Free,End of fieldwork,15 to 19 years old
Cameroon,CM,CMR,120,Percentage of adolescents (aged 15-19 years) in the labour force who are unemployed,2021,4,Female,,%,Reanalysed,Free,End of fieldwork,15 to 19 years old
Cameroon,CM,CMR,120,Percentage of adolescents (aged 15-19 years) in the labour force who are unemployed,2021,3.7,Male,,%,Reanalysed,Free,End of fieldwork,15 to 19 years old
Cameroon,CM,CMR,120,Percentage of adolescents (aged 15-19 years) in the labour force who are unemployed,2021,3.8,Total,,%,Reanalysed,Free,End of fieldwork,15 to 19 years old
Canada,CA,CAN,124,Percentage of adolescents (aged 15-19 years) in the labour force who are unemployed,2023,13.5,Female,,%,Reanalysed,Free,End of fieldwork,15 to 19 years old
Canada,CA,CAN,124,Percentage of adolescents (aged 15-19 years) in the labour force who are unemployed,2023,14.4,Male,,%,Reanalysed,Free,End of fieldwork,15 to 19 years old
Canada,CA,CAN,124,Percentage of adolescents (aged 15-19 years) in the labour force who are unemployed,2023,13.9,Total,,%,Reanalysed,Free,End of fieldwork,15 to 19 years old
Cayman Islands,KY,CYM,136,Percentage of adolescents (aged 15-19 years) in the labour force who are unemployed,2015,37.7,Female,,%,Reanalysed,Free,End of fieldwork,15 to 19 years old
Cayman Islands,KY,CYM,136,Percentage of adolescents (aged 15-19 years) in the labour force who are unemployed,2015,32,Male,,%,Reanalysed,Free,End of fieldwork,15 to 19 years old
Cayman Islands,KY,CYM,136,Percentage of adolescents (aged 15-19 years) in the labour force who are unemployed,2015,34.7,Total,,%,Reanalysed,Free,End of fieldwork,15 to 19 years old
Chad,TD,TCD,148,Percentage of adolescents (aged 15-19 years) in the labour force who are unemployed,2018,2.5,Male,,%,Reanalysed,Free,End of fieldwork,15 to 19 years old
Chad,TD,TCD,148,Percentage of adolescents (aged 15-19 years) in the labour force who are unemployed,2018,1.7,Total,,%,Reanalysed,Free,End of fieldwork,15 to 19 years old
Chile,CL,CHL,152,Percentage of adolescents (aged 15-19 years) in the labour force who are unemployed,2023,34.9,Female,,%,Reanalysed,Free,End of fieldwork,15 to 19 years old
Chile,CL,CHL,152,Percentage of adolescents (aged 15-19 years) in the labour force who are unemployed,2023,26.6,Male,,%,Reanalysed,Free,End of fieldwork,15 to 19 years old
Chile,CL,CHL,152,Percentage of adolescents (aged 15-19 years) in the labour force who are unemployed,2023,30.2,Total,,%,Reanalysed,Free,End of fieldwork,15 to 19 years old
Hong Kong,HK,HKG,344,Percentage of adolescents (aged 15-19 years) in the labour force who are unemployed,2023,7.6,Female,,%,Reanalysed,Free,End of fieldwork,15 to 19 years old
Hong Kong,HK,HKG,344,Percentage of adolescents (aged 15-19 years) in the labour force who are unemployed,2023,11.5,Male,,%,Reanalysed,Free,End of fieldwork,15 to 19 years old
Hong Kong,HK,HKG,344,Percentage of adolescents (aged 15-19 years) in the labour force who are unemployed,2023,9.6,Total,,%,Reanalysed,Free,End of fieldwork,15 to 19 years old
Macao,MO,MAC,446,Percentage of adolescents (aged 15-19 years) in the labour force who are unemployed,2016,8.3,Male,,%,Reanalysed,Free,End of fieldwork,16 to 19 years old
Macao,MO,MAC,446,Percentage of adolescents (aged 15-19 years) in the labour force who are unemployed,2016,4.8,Total,,%,Reanalysed,Free,End of fieldwork,16 to 19 years old
Taiwan,TW,TWN,158,Percentage of adolescents (aged 15-19 years) in the labour force who are unemployed,2020,11.6,Female,,%,Reanalysed,Free,End of fieldwork,15 to 19 years old
Taiwan,TW,TWN,158,Percentage of adolescents (aged 15-19 years) in the labour force who are unemployed,2020,5.7,Male,,%,Reanalysed,Free,End of fieldwork,15 to 19 years old
Taiwan,TW,TWN,158,Percentage of adolescents (aged 15-19 years) in the labour force who are unemployed,2020,8.1,Total,,%,Reanalysed,Free,End of fieldwork,15 to 19 years old
Colombia,CO,COL,170,Percentage of adolescents (aged 15-19 years) in the labour force who are unemployed,2023,30.1,Female,,%,Reanalysed,Free,End of fieldwork,15 to 19 years old
Colombia,CO,COL,170,Percentage of adolescents (aged 15-19 years) in the labour force who are unemployed,2023,18.2,Male,,%,Reanalysed,Free,End of fieldwork,15 to 19 years old
Colombia,CO,COL,170,Percentage of adolescents (aged 15-19 years) in the labour force who are unemployed,2023,22.6,Total,,%,Reanalysed,Free,End of fieldwork,15 to 19 years old
Comoros,KM,COM,174,Percentage of adolescents (aged 15-19 years) in the labour force who are unemployed,2021,7.3,Male,,%,Reanalysed,Free,End of fieldwork,15 to 19 years old
Comoros,KM,COM,174,Percentage of adolescents (aged 15-19 years) in the labour force who are unemployed,2021,6.4,Total,,%,Reanalysed,Free,End of fieldwork,15 to 19 years old
Cook Islands,CK,COK,184,Percentage of adolescents (aged 15-19 years) in the labour force who are unemployed,2011,23.9,Female,,%,Reanalysed,Free,End of fieldwork,15 to 19 years old
Cook Islands,CK,COK,184,Percentage of adolescents (aged 15-19 years) in the labour force who are unemployed,2011,26.2,Male,,%,Reanalysed,Free,End of fieldwork,15 to 19 years old
Cook Islands,CK,COK,184,Percentage of adolescents (aged 15-19 years) in the labour force who are unemployed,2011,25.2,Total,,%,Reanalysed,Free,End of fieldwork,15 to 19 years old
Costa Rica,CR,CRI,188,Percentage of adolescents (aged 15-19 years) in the labour force who are unemployed,2023,46.3,Female,,%,Reanalysed,Free,End of fieldwork,15 to 19 years old
Costa Rica,CR,CRI,188,Percentage of adolescents (aged 15-19 years) in the labour force who are unemployed,2023,34.2,Male,,%,Reanalysed,Free,End of fieldwork,15 to 19 years old
Costa Rica,CR,CRI,188,Percentage of adolescents (aged 15-19 years) in the labour force who are unemployed,2023,38.6,Total,,%,Reanalysed,Free,End of fieldwork,15 to 19 years old
Croatia,HR,HRV,191,Percentage of adolescents (aged 15-19 years) in the labour force who are unemployed,2023,45.8,Female,,%,Reanalysed,Free,End of fieldwork,15 to 19 years old
Croatia,HR,HRV,191,Percentage of adolescents (aged 15-19 years) in the labour force who are unemployed,2023,32.9,Male,,%,Reanalysed,Free,End of fieldwork,15 to 19 years old
Croatia,HR,HRV,191,Percentage of adolescents (aged 15-19 years) in the labour force who are unemployed,2023,37.3,Total,,%,Reanalysed,Free,End of fieldwork,15 to 19 years old
Cuba,CU,CUB,192,Percentage of adolescents (aged 15-19 years) in the labour force who are unemployed,2010,13,Female,,%,Reanalysed,Free,End of fieldwork,17 to 19 years old
Cuba,CU,CUB,192,Percentage of adolescents (aged 15-19 years) in the labour force who are unemployed,2010,5.1,Male,,%,Reanalysed,Free,End of fieldwork,17 to 19 years old
Cuba,CU,CUB,192,Percentage of adolescents (aged 15-19 years) in the labour force who are unemployed,2010,7.8,Total,,%,Reanalysed,Free,End of fieldwork,17 to 19 years old
Cyprus,CY,CYP,196,Percentage of adolescents (aged 15-19 years) in the labour force who are unemployed,2022,30.2,Female,,%,Reanalysed,Free,End of fieldwork,15 to 19 years old
Cyprus,CY,CYP,196,Percentage of adolescents (aged 15-19 years) in the labour force who are unemployed,2022,40.6,Male,,%,Reanalysed,Free,End of fieldwork,15 to 19 years old
Cyprus,CY,CYP,196,Percentage of adolescents (aged 15-19 years) in the labour force who are unemployed,2022,34.9,Total,,%,Reanalysed,Free,End of fieldwork,15 to 19 years old
Czech Republic,CZ,CZE,203,Percentage of adolescents (aged 15-19 years) in the labour force who are unemployed,2023,19.9,Female,,%,Reanalysed,Free,End of fieldwork,15 to 19 years old
Czech Republic,CZ,CZE,203,Percentage of adolescents (aged 15-19 years) in the labour force who are unemployed,2023,29.1,Male,,%,Reanalysed,Free,End of fieldwork,15 to 19 years old
Czech Republic,CZ,CZE,203,Percentage of adolescents (aged 15-19 years) in the labour force who are unemployed,2023,24.8,Total,,%,Reanalysed,Free,End of fieldwork,15 to 19 years old
Ivory Coast,CI,CIV,384,Percentage of adolescents (aged 15-19 years) in the labour force who are unemployed,2022,3.2,Female,,%,Reanalysed,Free,End of fieldwork,15 to 19 years old
Ivory Coast,CI,CIV,384,Percentage of adolescents (aged 15-19 years) in the labour force who are unemployed,2022,2.5,Male,,%,Reanalysed,Free,End of fieldwork,15 to 19 years old
Ivory Coast,CI,CIV,384,Percentage of adolescents (aged 15-19 years) in the labour force who are unemployed,2022,2.8,Total,,%,Reanalysed,Free,End of fieldwork,15 to 19 years old
"Congo, the Democratic Republic of the",CD,COD,180,Percentage of adolescents (aged 15-19 years) in the labour force who are unemployed,2020,1,Total,,%,Reanalysed,Free,End of fieldwork,15 to 19 years old
Denmark,DK,DNK,208,Percentage of adolescents (aged 15-19 years) in the labour force who are unemployed,2023,14.6,Female,,%,Reanalysed,Free,End of fieldwork,15 to 19 years old
Denmark,DK,DNK,208,Percentage of adolescents (aged 15-19 years) in the labour force who are unemployed,2023,14.3,Male,,%,Reanalysed,Free,End of fieldwork,15 to 19 years old
Denmark,DK,DNK,208,Percentage of adolescents (aged 15-19 years) in the labour force who are unemployed,2023,14.5,Total,,%,Reanalysed,Free,End of fieldwork,15 to 19 years old
Djibouti,DJ,DJI,262,Percentage of adolescents (aged 15-19 years) in the labour force who are unemployed,2017,84.5,Female,,%,Reanalysed,Free,End of fieldwork,15 to 19 years old
Djibouti,DJ,DJI,262,Percentage of adolescents (aged 15-19 years) in the labour force who are unemployed,2017,88.2,Male,,%,Reanalysed,Free,End of fieldwork,15 to 19 years old
Djibouti,DJ,DJI,262,Percentage of adolescents (aged 15-19 years) in the labour force who are unemployed,2017,86.7,Total,,%,Reanalysed,Free,End of fieldwork,15 to 19 years old
Dominican Republic,DO,DOM,214,Percentage of adolescents (aged 15-19 years) in the labour force who are unemployed,2023,18.6,Female,,%,Reanalysed,Free,End of fieldwork,15 to 19 years old
Dominican Republic,DO,DOM,214,Percentage of adolescents (aged 15-19 years) in the labour force who are unemployed,2023,12.6,Male,,%,Reanalysed,Free,End of fieldwork,15 to 19 years old
Dominican Republic,DO,DOM,214,Percentage of adolescents (aged 15-19 years) in the labour force who are unemployed,2023,14.6,Total,,%,Reanalysed,Free,End of fieldwork,15 to 19 years old
Ecuador,EC,ECU,218,Percentage of adolescents (aged 15-19 years) in the labour force who are unemployed,2023,7.5,Female,,%,Reanalysed,Free,End of fieldwork,15 to 19 years old
Ecuador,EC,ECU,218,Percentage of adolescents (aged 15-19 years) in the labour force who are unemployed,2023,5.2,Male,,%,Reanalysed,Free,End of fieldwork,15 to 19 years old
Ecuador,EC,ECU,218,Percentage of adolescents (aged 15-19 years) in the labour force who are unemployed,2023,6.1,Total,,%,Reanalysed,Free,End of fieldwork,15 to 19 years old
Egypt,EG,EGY,818,Percentage of adolescents (aged 15-19 years) in the labour force who are unemployed,2022,41.6,Female,,%,Reanalysed,Free,End of fieldwork,15 to 19 years old
Egypt,EG,EGY,818,Percentage of adolescents (aged 15-19 years) in the labour force who are unemployed,2022,10.7,Male,,%,Reanalysed,Free,End of fieldwork,15 to 19 years old
Egypt,EG,EGY,818,Percentage of adolescents (aged 15-19 years) in the labour force who are unemployed,2022,13.7,Total,,%,Reanalysed,Free,End of fieldwork,15 to 19 years old
El Salvador,SV,SLV,222,Percentage of adolescents (aged 15-19 years) in the labour force who are unemployed,2023,13.2,Female,,%,Reanalysed,Free,End of fieldwork,15 to 19 years old
El Salvador,SV,SLV,222,Percentage of adolescents (aged 15-19 years) in the labour force who are unemployed,2023,7.4,Male,,%,Reanalysed,Free,End of fieldwork,15 to 19 years old
El Salvador,SV,SLV,222,Percentage of adolescents (aged 15-19 years) in the labour force who are unemployed,2023,9.2,Total,,%,Reanalysed,Free,End of fieldwork,15 to 19 years old
Estonia,EE,EST,233,Percentage of adolescents (aged 15-19 years) in the labour force who are unemployed,2023,34.5,Total,,%,Reanalysed,Free,End of fieldwork,15 to 19 years old
Swaziland,SZ,SWZ,748,Percentage of adolescents (aged 15-19 years) in the labour force who are unemployed,2021,53.1,Female,,%,Reanalysed,Free,End of fieldwork,15 to 19 years old
Swaziland,SZ,SWZ,748,Percentage of adolescents (aged 15-19 years) in the labour force who are unemployed,2021,43.3,Male,,%,Reanalysed,Free,End of fieldwork,15 to 19 years old
Swaziland,SZ,SWZ,748,Percentage of adolescents (aged 15-19 years) in the labour force who are unemployed,2021,47.8,Total,,%,Reanalysed,Free,End of fieldwork,15 to 19 years old
Ethiopia,ET,ETH,231,Percentage of adolescents (aged 15-19 years) in the labour force who are unemployed,2021,5.5,Female,,%,Reanalysed,Free,End of fieldwork,15 to 19 years old
Ethiopia,ET,ETH,231,Percentage of adolescents (aged 15-19 years) in the labour force who are unemployed,2021,2.9,Male,,%,Reanalysed,Free,End of fieldwork,15 to 19 years old
Ethiopia,ET,ETH,231,Percentage of adolescents (aged 15-19 years) in the labour force who are unemployed,2021,4.1,Total,,%,Reanalysed,Free,End of fieldwork,15 to 19 years old
Falkland Islands (Malvinas),FK,FLK,238,Percentage of adolescents (aged 15-19 years) in the labour force who are unemployed,2012,9.4,Female,,%,Reanalysed,Free,End of fieldwork,16 to 19 years old
Falkland Islands (Malvinas),FK,FLK,238,Percentage of adolescents (aged 15-19 years) in the labour force who are unemployed,2012,4.3,Total,,%,Reanalysed,Free,End of fieldwork,16 to 19 years old
Fiji,FJ,FJI,242,Percentage of adolescents (aged 15-19 years) in the labour force who are unemployed,2016,31.5,Female,,%,Reanalysed,Free,End of fieldwork,15 to 19 years old
Fiji,FJ,FJI,242,Percentage of adolescents (aged 15-19 years) in the labour force who are unemployed,2016,16.2,Male,,%,Reanalysed,Free,End of fieldwork,15 to 19 years old
Fiji,FJ,FJI,242,Percentage of adolescents (aged 15-19 years) in the labour force who are unemployed,2016,20.6,Total,,%,Reanalysed,Free,End of fieldwork,15 to 19 years old
Finland,FI,FIN,246,Percentage of adolescents (aged 15-19 years) in the labour force who are unemployed,2023,21.4,Female,,%,Reanalysed,Free,End of fieldwork,15 to 19 years old
Finland,FI,FIN,246,Percentage of adolescents (aged 15-19 years) in the labour force who are unemployed,2023,23.8,Male,,%,Reanalysed,Free,End of fieldwork,15 to 19 years old
Finland,FI,FIN,246,Percentage of adolescents (aged 15-19 years) in the labour force who are unemployed,2023,22.5,Total,,%,Reanalysed,Free,End of fieldwork,15 to 19 years old
France,FR,FRA,250,Percentage of adolescents (aged 15-19 years) in the labour force who are unemployed,2023,27.6,Female,,%,Reanalysed,Free,End of fieldwork,15 to 19 years old
France,FR,FRA,250,Percentage of adolescents (aged 15-19 years) in the labour force who are unemployed,2023,22.6,Male,,%,Reanalysed,Free,End of fieldwork,15 to 19 years old
France,FR,FRA,250,Percentage of adolescents (aged 15-19 years) in the labour force who are unemployed,2023,24.6,Total,,%,Reanalysed,Free,End of fieldwork,15 to 19 years old
French Guiana,GF,GUF,254,Percentage of adolescents (aged 15-19 years) in the labour force who are unemployed,2016,63.2,Female,,%,Reanalysed,Free,End of fieldwork,15 to 19 years old
French Guiana,GF,GUF,254,Percentage of adolescents (aged 15-19 years) in the labour force who are unemployed,2016,68.4,Male,,%,Reanalysed,Free,End of fieldwork,15 to 19 years old
French Guiana,GF,GUF,254,Percentage of adolescents (aged 15-19 years) in the labour force who are unemployed,2016,65.5,Total,,%,Reanalysed,Free,End of fieldwork,15 to 19 years old
Gabon,GA,GAB,266,Percentage of adolescents (aged 15-19 years) in the labour force who are unemployed,2010,37.9,Female,,%,Reanalysed,Free,End of fieldwork,15 to 19 years old
Gabon,GA,GAB,266,Percentage of adolescents (aged 15-19 years) in the labour force who are unemployed,2010,27,Male,,%,Reanalysed,Free,End of fieldwork,15 to 19 years old
Gabon,GA,GAB,266,Percentage of adolescents (aged 15-19 years) in the labour force who are unemployed,2010,32.1,Total,,%,Reanalysed,Free,End of fieldwork,15 to 19 years old
Gambia,GM,GMB,270,Percentage of adolescents (aged 15-19 years) in the labour force who are unemployed,2023,5.4,Female,,%,Reanalysed,Free,End of fieldwork,15 to 19 years old
Gambia,GM,GMB,270,Percentage of adolescents (aged 15-19 years) in the labour force who are unemployed,2023,7.2,Male,,%,Reanalysed,Free,End of fieldwork,15 to 19 years old
Gambia,GM,GMB,270,Percentage of adolescents (aged 15-19 years) in the labour force who are unemployed,2023,6.3,Total,,%,Reanalysed,Free,End of fieldwork,15 to 19 years old
Georgia,GE,GEO,268,Percentage of adolescents (aged 15-19 years) in the labour force who are unemployed,2020,32,Female,,%,Reanalysed,Free,End of fieldwork,15 to 19 years old
Georgia,GE,GEO,268,Percentage of adolescents (aged 15-19 years) in the labour force who are unemployed,2020,31.1,Male,,%,Reanalysed,Free,End of fieldwork,15 to 19 years old
Georgia,GE,GEO,268,Percentage of adolescents (aged 15-19 years) in the labour force who are unemployed,2020,31.4,Total,,%,Reanalysed,Free,End of fieldwork,15 to 19 years old
Germany,DE,DEU,276,Percentage of adolescents (aged 15-19 years) in the labour force who are unemployed,2023,7.6,Female,,%,Reanalysed,Free,End of fieldwork,15 to 19 years old
Germany,DE,DEU,276,Percentage of adolescents (aged 15-19 years) in the labour force who are unemployed,2023,8.6,Male,,%,Reanalysed,Free,End of fieldwork,15 to 19 years old
Germany,DE,DEU,276,Percentage of adolescents (aged 15-19 years) in the labour force who are unemployed,2023,8.2,Total,,%,Reanalysed,Free,End of fieldwork,15 to 19 years old
Ghana,GH,GHA,288,Percentage of adolescents (aged 15-19 years) in the labour force who are unemployed,2022,3.2,Female,,%,Reanalysed,Free,End of fieldwork,15 to 19 years old
Ghana,GH,GHA,288,Percentage of adolescents (aged 15-19 years) in the labour force who are unemployed,2022,2.8,Male,,%,Reanalysed,Free,End of fieldwork,15 to 19 years old
Ghana,GH,GHA,288,Percentage of adolescents (aged 15-19 years) in the labour force who are unemployed,2022,3,Total,,%,Reanalysed,Free,End of fieldwork,15 to 19 years old
Greece,GR,GRC,300,Percentage of adolescents (aged 15-19 years) in the labour force who are unemployed,2023,46.1,Female,,%,Reanalysed,Free,End of fieldwork,15 to 19 years old
Greece,GR,GRC,300,Percentage of adolescents (aged 15-19 years) in the labour force who are unemployed,2023,30.5,Male,,%,Reanalysed,Free,End of fieldwork,15 to 19 years old
Greece,GR,GRC,300,Percentage of adolescents (aged 15-19 years) in the labour force who are unemployed,2023,36.9,Total,,%,Reanalysed,Free,End of fieldwork,15 to 19 years old
Greenland,GL,GRL,304,Percentage of adolescents (aged 15-19 years) in the labour force who are unemployed,2015,21.9,Female,,%,Reanalysed,Free,End of fieldwork,18 to 19 years old
Greenland,GL,GRL,304,Percentage of adolescents (aged 15-19 years) in the labour force who are unemployed,2015,19,Male,,%,Reanalysed,Free,End of fieldwork,18 to 19 years old
Greenland,GL,GRL,304,Percentage of adolescents (aged 15-19 years) in the labour force who are unemployed,2015,20.4,Total,,%,Reanalysed,Free,End of fieldwork,18 to 19 years old
Grenada,GD,GRD,308,Percentage of adolescents (aged 15-19 years) in the labour force who are unemployed,2020,33.5,Male,,%,Reanalysed,Free,End of fieldwork,15 to 19 years old
Grenada,GD,GRD,308,Percentage of adolescents (aged 15-19 years) in the labour force who are unemployed,2020,47.1,Total,,%,Reanalysed,Free,End of fieldwork,15 to 19 years old
Guadeloupe,GP,GLP,312,Percentage of adolescents (aged 15-19 years) in the labour force who are unemployed,2016,57.2,Female,,%,Reanalysed,Free,End of fieldwork,15 to 19 years old
Guadeloupe,GP,GLP,312,Percentage of adolescents (aged 15-19 years) in the labour force who are unemployed,2016,65.7,Male,,%,Reanalysed,Free,End of fieldwork,15 to 19 years old
Guadeloupe,GP,GLP,312,Percentage of adolescents (aged 15-19 years) in the labour force who are unemployed,2016,62.6,Total,,%,Reanalysed,Free,End of fieldwork,15 to 19 years old
Guatemala,GT,GTM,320,Percentage of adolescents (aged 15-19 years) in the labour force who are unemployed,2023,4.7,Female,,%,Reanalysed,Free,End of fieldwork,15 to 19 years old
Guatemala,GT,GTM,320,Percentage of adolescents (aged 15-19 years) in the labour force who are unemployed,2023,4.4,Male,,%,Reanalysed,Free,End of fieldwork,15 to 19 years old
Guatemala,GT,GTM,320,Percentage of adolescents (aged 15-19 years) in the labour force who are unemployed,2023,4.5,Total,,%,Reanalysed,Free,End of fieldwork,15 to 19 years old
Guinea,GN,GIN,324,Percentage of adolescents (aged 15-19 years) in the labour force who are unemployed,2019,6.8,Total,,%,Reanalysed,Free,End of fieldwork,15 to 19 years old
Guinea-Bissau,GW,GNB,624,Percentage of adolescents (aged 15-19 years) in the labour force who are unemployed,2022,1.5,Total,,%,Reanalysed,Free,End of fieldwork,15 to 19 years old
Guyana,GY,GUY,328,Percentage of adolescents (aged 15-19 years) in the labour force who are unemployed,2019,44.8,Female,,%,Reanalysed,Free,End of fieldwork,15 to 19 years old
Guyana,GY,GUY,328,Percentage of adolescents (aged 15-19 years) in the labour force who are unemployed,2019,29.4,Male,,%,Reanalysed,Free,End of fieldwork,15 to 19 years old
Guyana,GY,GUY,328,Percentage of adolescents (aged 15-19 years) in the labour force who are unemployed,2019,36.1,Total,,%,Reanalysed,Free,End of fieldwork,15 to 19 years old
Honduras,HN,HND,340,Percentage of adolescents (aged 15-19 years) in the labour force who are unemployed,2023,20.5,Female,,%,Reanalysed,Free,End of fieldwork,15 to 19 years old
Honduras,HN,HND,340,Percentage of adolescents (aged 15-19 years) in the labour force who are unemployed,2023,8.9,Male,,%,Reanalysed,Free,End of fieldwork,15 to 19 years old
Honduras,HN,HND,340,Percentage of adolescents (aged 15-19 years) in the labour force who are unemployed,2023,12.2,Total,,%,Reanalysed,Free,End of fieldwork,15 to 19 years old
Hungary,HU,HUN,348,Percentage of adolescents (aged 15-19 years) in the labour force who are unemployed,2023,35.2,Female,,%,Reanalysed,Free,End of fieldwork,15 to 19 years old
Hungary,HU,HUN,348,Percentage of adolescents (aged 15-19 years) in the labour force who are unemployed,2023,25,Male,,%,Reanalysed,Free,End of fieldwork,15 to 19 years old
Hungary,HU,HUN,348,Percentage of adolescents (aged 15-19 years) in the labour force who are unemployed,2023,28.6,Total,,%,Reanalysed,Free,End of fieldwork,15 to 19 years old
Iceland,IS,ISL,352,Percentage of adolescents (aged 15-19 years) in the labour force who are unemployed,2023,10.5,Female,,%,Reanalysed,Free,End of fieldwork,15 to 19 years old
Iceland,IS,ISL,352,Percentage of adolescents (aged 15-19 years) in the labour force who are unemployed,2023,16.1,Male,,%,Reanalysed,Free,End of fieldwork,15 to 19 years old
Iceland,IS,ISL,352,Percentage of adolescents (aged 15-19 years) in the labour force who are unemployed,2023,13.2,Total,,%,Reanalysed,Free,End of fieldwork,15 to 19 years old
India,IN,IND,356,Percentage of adolescents (aged 15-19 years) in the labour force who are unemployed,2023,6.5,Female,,%,Reanalysed,Free,End of fieldwork,15 to 19 years old
India,IN,IND,356,Percentage of adolescents (aged 15-19 years) in the labour force who are unemployed,2023,13.9,Male,,%,Reanalysed,Free,End of fieldwork,15 to 19 years old
India,IN,IND,356,Percentage of adolescents (aged 15-19 years) in the labour force who are unemployed,2023,12,Total,,%,Reanalysed,Free,End of fieldwork,15 to 19 years old
Indonesia,ID,IDN,360,Percentage of adolescents (aged 15-19 years) in the labour force who are unemployed,2023,17.2,Female,,%,Reanalysed,Free,End of fieldwork,15 to 19 years old
Indonesia,ID,IDN,360,Percentage of adolescents (aged 15-19 years) in the labour force who are unemployed,2023,16.7,Male,,%,Reanalysed,Free,End of fieldwork,15 to 19 years old
Indonesia,ID,IDN,360,Percentage of adolescents (aged 15-19 years) in the labour force who are unemployed,2023,16.9,Total,,%,Reanalysed,Free,End of fieldwork,15 to 19 years old
"Iran, Islamic Republic of",IR,IRN,364,Percentage of adolescents (aged 15-19 years) in the labour force who are unemployed,2022,16.9,Female,,%,Reanalysed,Free,End of fieldwork,15 to 19 years old
"Iran, Islamic Republic of",IR,IRN,364,Percentage of adolescents (aged 15-19 years) in the labour force who are unemployed,2022,16.5,Male,,%,Reanalysed,Free,End of fieldwork,15 to 19 years old
"Iran, Islamic Republic of",IR,IRN,364,Percentage of adolescents (aged 15-19 years) in the labour force who are unemployed,2022,16.6,Total,,%,Reanalysed,Free,End of fieldwork,15 to 19 years old
Iraq,IQ,IRQ,368,Percentage of adolescents (aged 15-19 years) in the labour force who are unemployed,2021,52,Female,,%,Reanalysed,Free,End of fieldwork,15 to 19 years old
Iraq,IQ,IRQ,368,Percentage of adolescents (aged 15-19 years) in the labour force who are unemployed,2021,35.9,Male,,%,Reanalysed,Free,End of fieldwork,15 to 19 years old
Iraq,IQ,IRQ,368,Percentage of adolescents (aged 15-19 years) in the labour force who are unemployed,2021,37,Total,,%,Reanalysed,Free,End of fieldwork,15 to 19 years old
Ireland,IE,IRL,372,Percentage of adolescents (aged 15-19 years) in the labour force who are unemployed,2023,15.6,Female,,%,Reanalysed,Free,End of fieldwork,15 to 19 years old
Ireland,IE,IRL,372,Percentage of adolescents (aged 15-19 years) in the labour force who are unemployed,2023,14.9,Total,,%,Reanalysed,Free,End of fieldwork,15 to 19 years old
Isle of Man,IM,IMN,833,Percentage of adolescents (aged 15-19 years) in the labour force who are unemployed,2016,8.1,Female,,%,Reanalysed,Free,End of fieldwork,16 to 19 years old
Isle of Man,IM,IMN,833,Percentage of adolescents (aged 15-19 years) in the labour force who are unemployed,2016,14.4,Male,,%,Reanalysed,Free,End of fieldwork,16 to 19 years old
Isle of Man,IM,IMN,833,Percentage of adolescents (aged 15-19 years) in the labour force who are unemployed,2016,11.5,Total,,%,Reanalysed,Free,End of fieldwork,16 to 19 years old
Israel,IL,ISR,376,Percentage of adolescents (aged 15-19 years) in the labour force who are unemployed,2011,13.9,Female,,%,Reanalysed,Free,End of fieldwork,15 to 19 years old
Israel,IL,ISR,376,Percentage of adolescents (aged 15-19 years) in the labour force who are unemployed,2011,14.2,Male,,%,Reanalysed,Free,End of fieldwork,15 to 19 years old
Israel,IL,ISR,376,Percentage of adolescents (aged 15-19 years) in the labour force who are unemployed,2011,14.1,Total,,%,Reanalysed,Free,End of fieldwork,15 to 19 years old
Italy,IT,ITA,380,Percentage of adolescents (aged 15-19 years) in the labour force who are unemployed,2023,38.7,Female,,%,Reanalysed,Free,End of fieldwork,15 to 19 years old
Italy,IT,ITA,380,Percentage of adolescents (aged 15-19 years) in the labour force who are unemployed,2023,32.9,Male,,%,Reanalysed,Free,End of fieldwork,15 to 19 years old
Italy,IT,ITA,380,Percentage of adolescents (aged 15-19 years) in the labour force who are unemployed,2023,35,Total,,%,Reanalysed,Free,End of fieldwork,15 to 19 years old
Jamaica,JM,JAM,388,Percentage of adolescents (aged 15-19 years) in the labour force who are unemployed,2023,20,Female,,%,Reanalysed,Free,End of fieldwork,15 to 19 years old
Jamaica,JM,JAM,388,Percentage of adolescents (aged 15-19 years) in the labour force who are unemployed,2023,10.8,Male,,%,Reanalysed,Free,End of fieldwork,15 to 19 years old
Jamaica,JM,JAM,388,Percentage of adolescents (aged 15-19 years) in the labour force who are unemployed,2023,14.6,Total,,%,Reanalysed,Free,End of fieldwork,15 to 19 years old
Japan,JP,JPN,392,Percentage of adolescents (aged 15-19 years) in the labour force who are unemployed,2023,1.6,Female,,%,Reanalysed,Free,End of fieldwork,15 to 19 years old
Japan,JP,JPN,392,Percentage of adolescents (aged 15-19 years) in the labour force who are unemployed,2023,3.7,Male,,%,Reanalysed,Free,End of fieldwork,15 to 19 years old
Japan,JP,JPN,392,Percentage of adolescents (aged 15-19 years) in the labour force who are unemployed,2023,2.6,Total,,%,Reanalysed,Free,End of fieldwork,15 to 19 years old
Jordan,JO,JOR,400,Percentage of adolescents (aged 15-19 years) in the labour force who are unemployed,2022,25.7,Female,,%,Reanalysed,Free,End of fieldwork,15 to 19 years old
Jordan,JO,JOR,400,Percentage of adolescents (aged 15-19 years) in the labour force who are unemployed,2022,50.3,Male,,%,Reanalysed,Free,End of fieldwork,15 to 19 years old
Jordan,JO,JOR,400,Percentage of adolescents (aged 15-19 years) in the labour force who are unemployed,2022,48.9,Total,,%,Reanalysed,Free,End of fieldwork,15 to 19 years old
Kazakhstan,KZ,KAZ,398,Percentage of adolescents (aged 15-19 years) in the labour force who are unemployed,2022,9.3,Female,,%,Reanalysed,Free,End of fieldwork,15 to 19 years old
Kazakhstan,KZ,KAZ,398,Percentage of adolescents (aged 15-19 years) in the labour force who are unemployed,2022,5.2,Male,,%,Reanalysed,Free,End of fieldwork,15 to 19 years old
Kazakhstan,KZ,KAZ,398,Percentage of adolescents (aged 15-19 years) in the labour force who are unemployed,2022,7.1,Total,,%,Reanalysed,Free,End of fieldwork,15 to 19 years old
Kenya,KE,KEN,404,Percentage of adolescents (aged 15-19 years) in the labour force who are unemployed,2021,8.5,Female,,%,Reanalysed,Free,End of fieldwork,15 to 19 years old
Kenya,KE,KEN,404,Percentage of adolescents (aged 15-19 years) in the labour force who are unemployed,2021,6.4,Male,,%,Reanalysed,Free,End of fieldwork,15 to 19 years old
Kenya,KE,KEN,404,Percentage of adolescents (aged 15-19 years) in the labour force who are unemployed,2021,7.3,Total,,%,Reanalysed,Free,End of fieldwork,15 to 19 years old
Kiribati,KI,KIR,296,Percentage of adolescents (aged 15-19 years) in the labour force who are unemployed,2020,40.3,Female,,%,Reanalysed,Free,End of fieldwork,15 to 19 years old
Kiribati,KI,KIR,296,Percentage of adolescents (aged 15-19 years) in the labour force who are unemployed,2020,23.1,Male,,%,Reanalysed,Free,End of fieldwork,15 to 19 years old
Kiribati,KI,KIR,296,Percentage of adolescents (aged 15-19 years) in the labour force who are unemployed,2020,28.5,Total,,%,Reanalysed,Free,End of fieldwork,15 to 19 years old
Kyrgyzstan,KG,KGZ,417,Percentage of adolescents (aged 15-19 years) in the labour force who are unemployed,2022,9.4,Female,,%,Reanalysed,Free,End of fieldwork,15 to 19 years old
Kyrgyzstan,KG,KGZ,417,Percentage of adolescents (aged 15-19 years) in the labour force who are unemployed,2022,7,Male,,%,Reanalysed,Free,End of fieldwork,15 to 19 years old
Kyrgyzstan,KG,KGZ,417,Percentage of adolescents (aged 15-19 years) in the labour force who are unemployed,2022,8,Total,,%,Reanalysed,Free,End of fieldwork,15 to 19 years old
Lao People's Democratic Republic,LA,LAO,418,Percentage of adolescents (aged 15-19 years) in the labour force who are unemployed,2022,1.8,Female,,%,Reanalysed,Free,End of fieldwork,15 to 19 years old
Lao People's Democratic Republic,LA,LAO,418,Percentage of adolescents (aged 15-19 years) in the labour force who are unemployed,2022,1.8,Male,,%,Reanalysed,Free,End of fieldwork,15 to 19 years old
Lao People's Democratic Republic,LA,LAO,418,Percentage of adolescents (aged 15-19 years) in the labour force who are unemployed,2022,1.8,Total,,%,Reanalysed,Free,End of fieldwork,15 to 19 years old
Latvia,LV,LVA,428,Percentage of adolescents (aged 15-19 years) in the labour force who are unemployed,2016,24.4,Male,,%,Reanalysed,Free,End of fieldwork,15 to 19 years old
Latvia,LV,LVA,428,Percentage of adolescents (aged 15-19 years) in the labour force who are unemployed,2016,19.3,Total,,%,Reanalysed,Free,End of fieldwork,15 to 19 years old
Lebanon,LB,LBN,422,Percentage of adolescents (aged 15-19 years) in the labour force who are unemployed,2019,28.6,Female,,%,Reanalysed,Free,End of fieldwork,15 to 19 years old
Lebanon,LB,LBN,422,Percentage of adolescents (aged 15-19 years) in the labour force who are unemployed,2019,27.6,Male,,%,Reanalysed,Free,End of fieldwork,15 to 19 years old
Lebanon,LB,LBN,422,Percentage of adolescents (aged 15-19 years) in the labour force who are unemployed,2019,27.8,Total,,%,Reanalysed,Free,End of fieldwork,15 to 19 years old
Lesotho,LS,LSO,426,Percentage of adolescents (aged 15-19 years) in the labour force who are unemployed,2019,34.7,Female,,%,Reanalysed,Free,End of fieldwork,15 to 19 years old
Lesotho,LS,LSO,426,Percentage of adolescents (aged 15-19 years) in the labour force who are unemployed,2019,9.8,Male,,%,Reanalysed,Free,End of fieldwork,15 to 19 years old
Lesotho,LS,LSO,426,Percentage of adolescents (aged 15-19 years) in the labour force who are unemployed,2019,16.4,Total,,%,Reanalysed,Free,End of fieldwork,15 to 19 years old
Liberia,LR,LBR,430,Percentage of adolescents (aged 15-19 years) in the labour force who are unemployed,2017,7.2,Total,,%,Reanalysed,Free,End of fieldwork,15 to 19 years old
Lithuania,LT,LTU,440,Percentage of adolescents (aged 15-19 years) in the labour force who are unemployed,2022,24.4,Male,,%,Reanalysed,Free,End of fieldwork,15 to 19 years old
Lithuania,LT,LTU,440,Percentage of adolescents (aged 15-19 years) in the labour force who are unemployed,2022,22.1,Total,,%,Reanalysed,Free,End of fieldwork,15 to 19 years old
Luxembourg,LU,LUX,442,Percentage of adolescents (aged 15-19 years) in the labour force who are unemployed,2022,34.5,Female,,%,Reanalysed,Free,End of fieldwork,15 to 19 years old
Luxembourg,LU,LUX,442,Percentage of adolescents (aged 15-19 years) in the labour force who are unemployed,2022,31.1,Total,,%,Reanalysed,Free,End of fieldwork,15 to 19 years old
Madagascar,MG,MDG,450,Percentage of adolescents (aged 15-19 years) in the labour force who are unemployed,2022,5.2,Female,,%,Reanalysed,Free,End of fieldwork,15 to 19 years old
Madagascar,MG,MDG,450,Percentage of adolescents (aged 15-19 years) in the labour force who are unemployed,2022,7,Male,,%,Reanalysed,Free,End of fieldwork,15 to 19 years old
Madagascar,MG,MDG,450,Percentage of adolescents (aged 15-19 years) in the labour force who are unemployed,2022,6.1,Total,,%,Reanalysed,Free,End of fieldwork,15 to 19 years old
Malawi,MW,MWI,454,Percentage of adolescents (aged 15-19 years) in the labour force who are unemployed,2020,0.7,Total,,%,Reanalysed,Free,End of fieldwork,15 to 19 years old
Malaysia,MY,MYS,458,Percentage of adolescents (aged 15-19 years) in the labour force who are unemployed,2022,13.5,Female,,%,Reanalysed,Free,End of fieldwork,15 to 19 years old
Malaysia,MY,MYS,458,Percentage of adolescents (aged 15-19 years) in the labour force who are unemployed,2022,14.6,Male,,%,Reanalysed,Free,End of fieldwork,15 to 19 years old
Malaysia,MY,MYS,458,Percentage of adolescents (aged 15-19 years) in the labour force who are unemployed,2022,14.1,Total,,%,Reanalysed,Free,End of fieldwork,15 to 19 years old
Maldives,MV,MDV,462,Percentage of adolescents (aged 15-19 years) in the labour force who are unemployed,2019,16.4,Female,,%,Reanalysed,Free,End of fieldwork,15 to 19 years old
Maldives,MV,MDV,462,Percentage of adolescents (aged 15-19 years) in the labour force who are unemployed,2019,29.1,Male,,%,Reanalysed,Free,End of fieldwork,15 to 19 years old
Maldives,MV,MDV,462,Percentage of adolescents (aged 15-19 years) in the labour force who are unemployed,2019,23.5,Total,,%,Reanalysed,Free,End of fieldwork,15 to 19 years old
Mali,ML,MLI,466,Percentage of adolescents (aged 15-19 years) in the labour force who are unemployed,2022,4.8,Female,,%,Reanalysed,Free,End of fieldwork,15 to 19 years old
Mali,ML,MLI,466,Percentage of adolescents (aged 15-19 years) in the labour force who are unemployed,2022,1.2,Male,,%,Reanalysed,Free,End of fieldwork,15 to 19 years old
Mali,ML,MLI,466,Percentage of adolescents (aged 15-19 years) in the labour force who are unemployed,2022,2.4,Total,,%,Reanalysed,Free,End of fieldwork,15 to 19 years old
Malta,MT,MLT,470,Percentage of adolescents (aged 15-19 years) in the labour force who are unemployed,2022,17.7,Total,,%,Reanalysed,Free,End of fieldwork,15 to 19 years old
Marshall Islands,MH,MHL,584,Percentage of adolescents (aged 15-19 years) in the labour force who are unemployed,2021,30.6,Female,,%,Reanalysed,Free,End of fieldwork,15 to 19 years old
Marshall Islands,MH,MHL,584,Percentage of adolescents (aged 15-19 years) in the labour force who are unemployed,2021,28.3,Male,,%,Reanalysed,Free,End of fieldwork,15 to 19 years old
Marshall Islands,MH,MHL,584,Percentage of adolescents (aged 15-19 years) in the labour force who are unemployed,2021,29.2,Total,,%,Reanalysed,Free,End of fieldwork,15 to 19 years old
Martinique,MQ,MTQ,474,Percentage of adolescents (aged 15-19 years) in the labour force who are unemployed,2016,68.1,Female,,%,Reanalysed,Free,End of fieldwork,15 to 19 years old
Martinique,MQ,MTQ,474,Percentage of adolescents (aged 15-19 years) in the labour force who are unemployed,2016,59.9,Male,,%,Reanalysed,Free,End of fieldwork,15 to 19 years old
Martinique,MQ,MTQ,474,Percentage of adolescents (aged 15-19 years) in the labour force who are unemployed,2016,62,Total,,%,Reanalysed,Free,End of fieldwork,15 to 19 years old
Mauritania,MR,MRT,478,Percentage of adolescents (aged 15-19 years) in the labour force who are unemployed,2019,22.9,Female,,%,Reanalysed,Free,End of fieldwork,15 to 19 years old
Mauritania,MR,MRT,478,Percentage of adolescents (aged 15-19 years) in the labour force who are unemployed,2019,17.7,Male,,%,Reanalysed,Free,End of fieldwork,15 to 19 years old
Mauritania,MR,MRT,478,Percentage of adolescents (aged 15-19 years) in the labour force who are unemployed,2019,19.4,Total,,%,Reanalysed,Free,End of fieldwork,15 to 19 years old
Mauritius,MU,MUS,480,Percentage of adolescents (aged 15-19 years) in the labour force who are unemployed,2023,36.1,Female,,%,Reanalysed,Free,End of fieldwork,16 to 19 years old
Mauritius,MU,MUS,480,Percentage of adolescents (aged 15-19 years) in the labour force who are unemployed,2023,23.3,Male,,%,Reanalysed,Free,End of fieldwork,16 to 19 years old
Mauritius,MU,MUS,480,Percentage of adolescents (aged 15-19 years) in the labour force who are unemployed,2023,27.4,Total,,%,Reanalysed,Free,End of fieldwork,16 to 19 years old
Mexico,MX,MEX,484,Percentage of adolescents (aged 15-19 years) in the labour force who are unemployed,2023,6.6,Female,,%,Reanalysed,Free,End of fieldwork,15 to 19 years old
Mexico,MX,MEX,484,Percentage of adolescents (aged 15-19 years) in the labour force who are unemployed,2023,5.3,Male,,%,Reanalysed,Free,End of fieldwork,15 to 19 years old
Mexico,MX,MEX,484,Percentage of adolescents (aged 15-19 years) in the labour force who are unemployed,2023,5.8,Total,,%,Reanalysed,Free,End of fieldwork,15 to 19 years old
"Micronesia, Federated States of",FM,FSM,583,Percentage of adolescents (aged 15-19 years) in the labour force who are unemployed,2014,28.5,Female,,%,Reanalysed,Free,End of fieldwork,15 to 19 years old
"Micronesia, Federated States of",FM,FSM,583,Percentage of adolescents (aged 15-19 years) in the labour force who are unemployed,2014,16.7,Total,,%,Reanalysed,Free,End of fieldwork,15 to 19 years old
Monaco,MC,MCO,492,Percentage of adolescents (aged 15-19 years) in the labour force who are unemployed,2016,41.7,Female,,%,Reanalysed,Free,End of fieldwork,17 to 19 years old
Monaco,MC,MCO,492,Percentage of adolescents (aged 15-19 years) in the labour force who are unemployed,2016,56.4,Male,,%,Reanalysed,Free,End of fieldwork,17 to 19 years old
Monaco,MC,MCO,492,Percentage of adolescents (aged 15-19 years) in the labour force who are unemployed,2016,50.8,Total,,%,Reanalysed,Free,End of fieldwork,17 to 19 years old
Mongolia,MN,MNG,496,Percentage of adolescents (aged 15-19 years) in the labour force who are unemployed,2023,22.6,Female,,%,Reanalysed,Free,End of fieldwork,15 to 19 years old
Mongolia,MN,MNG,496,Percentage of adolescents (aged 15-19 years) in the labour force who are unemployed,2023,17.4,Male,,%,Reanalysed,Free,End of fieldwork,15 to 19 years old
Mongolia,MN,MNG,496,Percentage of adolescents (aged 15-19 years) in the labour force who are unemployed,2023,18.9,Total,,%,Reanalysed,Free,End of fieldwork,15 to 19 years old
Montenegro,ME,MNE,499,Percentage of adolescents (aged 15-19 years) in the labour force who are unemployed,2022,30.1,Male,,%,Reanalysed,Free,End of fieldwork,15 to 19 years old
Montenegro,ME,MNE,499,Percentage of adolescents (aged 15-19 years) in the labour force who are unemployed,2022,28.3,Total,,%,Reanalysed,Free,End of fieldwork,15 to 19 years old
Morocco,MA,MAR,504,Percentage of adolescents (aged 15-19 years) in the labour force who are unemployed,2012,10.8,Female,,%,Reanalysed,Free,End of fieldwork,15 to 19 years old
Morocco,MA,MAR,504,Percentage of adolescents (aged 15-19 years) in the labour force who are unemployed,2012,17.4,Male,,%,Reanalysed,Free,End of fieldwork,15 to 19 years old
Morocco,MA,MAR,504,Percentage of adolescents (aged 15-19 years) in the labour force who are unemployed,2012,15.7,Total,,%,Reanalysed,Free,End of fieldwork,15 to 19 years old
Mozambique,MZ,MOZ,508,Percentage of adolescents (aged 15-19 years) in the labour force who are unemployed,2015,5.2,Female,,%,Reanalysed,Free,End of fieldwork,15 to 19 years old
Mozambique,MZ,MOZ,508,Percentage of adolescents (aged 15-19 years) in the labour force who are unemployed,2015,7,Male,,%,Reanalysed,Free,End of fieldwork,15 to 19 years old
Mozambique,MZ,MOZ,508,Percentage of adolescents (aged 15-19 years) in the labour force who are unemployed,2015,6.1,Total,,%,Reanalysed,Free,End of fieldwork,15 to 19 years old
Myanmar,MM,MMR,104,Percentage of adolescents (aged 15-19 years) in the labour force who are unemployed,2020,6,Female,,%,Reanalysed,Free,End of fieldwork,15 to 19 years old
Myanmar,MM,MMR,104,Percentage of adolescents (aged 15-19 years) in the labour force who are unemployed,2020,6.3,Male,,%,Reanalysed,Free,End of fieldwork,15 to 19 years old
Myanmar,MM,MMR,104,Percentage of adolescents (aged 15-19 years) in the labour force who are unemployed,2020,6.2,Total,,%,Reanalysed,Free,End of fieldwork,15 to 19 years old
Namibia,,NAM,516,Percentage of adolescents (aged 15-19 years) in the labour force who are unemployed,2018,38.7,Female,,%,Reanalysed,Free,End of fieldwork,15 to 19 years old
Namibia,,NAM,516,Percentage of adolescents (aged 15-19 years) in the labour force who are unemployed,2018,36.9,Male,,%,Reanalysed,Free,End of fieldwork,15 to 19 years old
Namibia,,NAM,516,Percentage of adolescents (aged 15-19 years) in the labour force who are unemployed,2018,37.7,Total,,%,Reanalysed,Free,End of fieldwork,15 to 19 years old
Nauru,NR,NRU,520,Percentage of adolescents (aged 15-19 years) in the labour force who are unemployed,2021,30.6,Female,,%,Reanalysed,Free,End of fieldwork,15 to 19 years old
Nauru,NR,NRU,520,Percentage of adolescents (aged 15-19 years) in the labour force who are unemployed,2021,20.7,Male,,%,Reanalysed,Free,End of fieldwork,15 to 19 years old
Nauru,NR,NRU,520,Percentage of adolescents (aged 15-19 years) in the labour force who are unemployed,2021,24,Total,,%,Reanalysed,Free,End of fieldwork,15 to 19 years old
Nepal,NP,NPL,524,Percentage of adolescents (aged 15-19 years) in the labour force who are unemployed,2017,24.2,Female,,%,Reanalysed,Free,End of fieldwork,15 to 19 years old
Nepal,NP,NPL,524,Percentage of adolescents (aged 15-19 years) in the labour force who are unemployed,2017,22.4,Male,,%,Reanalysed,Free,End of fieldwork,15 to 19 years old
Nepal,NP,NPL,524,Percentage of adolescents (aged 15-19 years) in the labour force who are unemployed,2017,23.1,Total,,%,Reanalysed,Free,End of fieldwork,15 to 19 years old
Netherlands,NL,NLD,528,Percentage of adolescents (aged 15-19 years) in the labour force who are unemployed,2023,11,Female,,%,Reanalysed,Free,End of fieldwork,15 to 19 years old
Netherlands,NL,NLD,528,Percentage of adolescents (aged 15-19 years) in the labour force who are unemployed,2023,10.3,Male,,%,Reanalysed,Free,End of fieldwork,15 to 19 years old
Netherlands,NL,NLD,528,Percentage of adolescents (aged 15-19 years) in the labour force who are unemployed,2023,10.7,Total,,%,Reanalysed,Free,End of fieldwork,15 to 19 years old
New Caledonia,NC,NCL,540,Percentage of adolescents (aged 15-19 years) in the labour force who are unemployed,2022,33,Male,,%,Reanalysed,Free,End of fieldwork,15 to 19 years old
New Caledonia,NC,NCL,540,Percentage of adolescents (aged 15-19 years) in the labour force who are unemployed,2022,36.7,Total,,%,Reanalysed,Free,End of fieldwork,15 to 19 years old
New Zealand,NZ,NZL,554,Percentage of adolescents (aged 15-19 years) in the labour force who are unemployed,2023,15.9,Female,,%,Reanalysed,Free,End of fieldwork,15 to 19 years old
New Zealand,NZ,NZL,554,Percentage of adolescents (aged 15-19 years) in the labour force who are unemployed,2023,17.4,Male,,%,Reanalysed,Free,End of fieldwork,15 to 19 years old
New Zealand,NZ,NZL,554,Percentage of adolescents (aged 15-19 years) in the labour force who are unemployed,2023,16.7,Total,,%,Reanalysed,Free,End of fieldwork,15 to 19 years old
Nicaragua,NI,NIC,558,Percentage of adolescents (aged 15-19 years) in the labour force who are unemployed,2014,10.7,Female,,%,Reanalysed,Free,End of fieldwork,15 to 19 years old
Nicaragua,NI,NIC,558,Percentage of adolescents (aged 15-19 years) in the labour force who are unemployed,2014,6,Male,,%,Reanalysed,Free,End of fieldwork,15 to 19 years old
Nicaragua,NI,NIC,558,Percentage of adolescents (aged 15-19 years) in the labour force who are unemployed,2014,7.3,Total,,%,Reanalysed,Free,End of fieldwork,15 to 19 years old
Niger,NE,NER,562,Percentage of adolescents (aged 15-19 years) in the labour force who are unemployed,2022,0.3,Total,,%,Reanalysed,Free,End of fieldwork,15 to 19 years old
Nigeria,NG,NGA,566,Percentage of adolescents (aged 15-19 years) in the labour force who are unemployed,2022,6.8,Female,,%,Reanalysed,Free,End of fieldwork,15 to 19 years old
Nigeria,NG,NGA,566,Percentage of adolescents (aged 15-19 years) in the labour force who are unemployed,2022,4,Male,,%,Reanalysed,Free,End of fieldwork,15 to 19 years old
Nigeria,NG,NGA,566,Percentage of adolescents (aged 15-19 years) in the labour force who are unemployed,2022,5.3,Total,,%,Reanalysed,Free,End of fieldwork,15 to 19 years old
"Macedonia, the former Yugoslav Republic of",MK,MKD,807,Percentage of adolescents (aged 15-19 years) in the labour force who are unemployed,2023,54.5,Female,,%,Reanalysed,Free,End of fieldwork,15 to 19 years old
"Macedonia, the former Yugoslav Republic of",MK,MKD,807,Percentage of adolescents (aged 15-19 years) in the labour force who are unemployed,2023,36.9,Male,,%,Reanalysed,Free,End of fieldwork,15 to 19 years old
"Macedonia, the former Yugoslav Republic of",MK,MKD,807,Percentage of adolescents (aged 15-19 years) in the labour force who are unemployed,2023,41.9,Total,,%,Reanalysed,Free,End of fieldwork,15 to 19 years old
Norway,NO,NOR,578,Percentage of adolescents (aged 15-19 years) in the labour force who are unemployed,2023,14.9,Female,,%,Reanalysed,Free,End of fieldwork,15 to 19 years old
Norway,NO,NOR,578,Percentage of adolescents (aged 15-19 years) in the labour force who are unemployed,2023,17.9,Male,,%,Reanalysed,Free,End of fieldwork,15 to 19 years old
Norway,NO,NOR,578,Percentage of adolescents (aged 15-19 years) in the labour force who are unemployed,2023,16.4,Total,,%,Reanalysed,Free,End of fieldwork,15 to 19 years old
Oman,OM,OMN,512,Percentage of adolescents (aged 15-19 years) in the labour force who are unemployed,2022,25.8,Female,,%,Reanalysed,Free,End of fieldwork,15 to 19 years old
Oman,OM,OMN,512,Percentage of adolescents (aged 15-19 years) in the labour force who are unemployed,2022,57.1,Male,,%,Reanalysed,Free,End of fieldwork,15 to 19 years old
Oman,OM,OMN,512,Percentage of adolescents (aged 15-19 years) in the labour force who are unemployed,2022,51.3,Total,,%,Reanalysed,Free,End of fieldwork,15 to 19 years old
Pakistan,PK,PAK,586,Percentage of adolescents (aged 15-19 years) in the labour force who are unemployed,2021,7.9,Female,,%,Reanalysed,Free,End of fieldwork,15 to 19 years old
Pakistan,PK,PAK,586,Percentage of adolescents (aged 15-19 years) in the labour force who are unemployed,2021,10,Male,,%,Reanalysed,Free,End of fieldwork,15 to 19 years old
Pakistan,PK,PAK,586,Percentage of adolescents (aged 15-19 years) in the labour force who are unemployed,2021,9.5,Total,,%,Reanalysed,Free,End of fieldwork,15 to 19 years old
Panama,PA,PAN,591,Percentage of adolescents (aged 15-19 years) in the labour force who are unemployed,2023,20.6,Female,,%,Reanalysed,Free,End of fieldwork,15 to 19 years old
Panama,PA,PAN,591,Percentage of adolescents (aged 15-19 years) in the labour force who are unemployed,2023,14.8,Male,,%,Reanalysed,Free,End of fieldwork,15 to 19 years old
Panama,PA,PAN,591,Percentage of adolescents (aged 15-19 years) in the labour force who are unemployed,2023,16.9,Total,,%,Reanalysed,Free,End of fieldwork,15 to 19 years old
Papua New Guinea,PG,PNG,598,Percentage of adolescents (aged 15-19 years) in the labour force who are unemployed,2010,2.7,Male,,%,Reanalysed,Free,End of fieldwork,15 to 19 years old
Papua New Guinea,PG,PNG,598,Percentage of adolescents (aged 15-19 years) in the labour force who are unemployed,2010,2.2,Total,,%,Reanalysed,Free,End of fieldwork,15 to 19 years old
Paraguay,PY,PRY,600,Percentage of adolescents (aged 15-19 years) in the labour force who are unemployed,2023,20.5,Female,,%,Reanalysed,Free,End of fieldwork,15 to 19 years old
Paraguay,PY,PRY,600,Percentage of adolescents (aged 15-19 years) in the labour force who are unemployed,2023,13.4,Male,,%,Reanalysed,Free,End of fieldwork,15 to 19 years old
Paraguay,PY,PRY,600,Percentage of adolescents (aged 15-19 years) in the labour force who are unemployed,2023,16,Total,,%,Reanalysed,Free,End of fieldwork,15 to 19 years old
Peru,PE,PER,604,Percentage of adolescents (aged 15-19 years) in the labour force who are unemployed,2023,8.4,Female,,%,Reanalysed,Free,End of fieldwork,15 to 19 years old
Peru,PE,PER,604,Percentage of adolescents (aged 15-19 years) in the labour force who are unemployed,2023,7.4,Male,,%,Reanalysed,Free,End of fieldwork,15 to 19 years old
Peru,PE,PER,604,Percentage of adolescents (aged 15-19 years) in the labour force who are unemployed,2023,7.8,Total,,%,Reanalysed,Free,End of fieldwork,15 to 19 years old
Philippines,PH,PHL,608,Percentage of adolescents (aged 15-19 years) in the labour force who are unemployed,2022,5.7,Female,,%,Reanalysed,Free,End of fieldwork,15 to 19 years old
Philippines,PH,PHL,608,Percentage of adolescents (aged 15-19 years) in the labour force who are unemployed,2022,4,Male,,%,Reanalysed,Free,End of fieldwork,15 to 19 years old
Philippines,PH,PHL,608,Percentage of adolescents (aged 15-19 years) in the labour force who are unemployed,2022,4.6,Total,,%,Reanalysed,Free,End of fieldwork,15 to 19 years old
Poland,PL,POL,616,Percentage of adolescents (aged 15-19 years) in the labour force who are unemployed,2023,26.7,Female,,%,Reanalysed,Free,End of fieldwork,15 to 19 years old
Poland,PL,POL,616,Percentage of adolescents (aged 15-19 years) in the labour force who are unemployed,2023,17.5,Male,,%,Reanalysed,Free,End of fieldwork,15 to 19 years old
Poland,PL,POL,616,Percentage of adolescents (aged 15-19 years) in the labour force who are unemployed,2023,20.6,Total,,%,Reanalysed,Free,End of fieldwork,15 to 19 years old
Portugal,PT,PRT,620,Percentage of adolescents (aged 15-19 years) in the labour force who are unemployed,2023,38.6,Male,,%,Reanalysed,Free,End of fieldwork,15 to 19 years old
Portugal,PT,PRT,620,Percentage of adolescents (aged 15-19 years) in the labour force who are unemployed,2023,36.5,Total,,%,Reanalysed,Free,End of fieldwork,15 to 19 years old
Puerto Rico,PR,PRI,630,Percentage of adolescents (aged 15-19 years) in the labour force who are unemployed,2015,46.7,Male,,%,Reanalysed,Free,End of fieldwork,16 to 19 years old
Puerto Rico,PR,PRI,630,Percentage of adolescents (aged 15-19 years) in the labour force who are unemployed,2015,47.6,Total,,%,Reanalysed,Free,End of fieldwork,16 to 19 years old
Qatar,QA,QAT,634,Percentage of adolescents (aged 15-19 years) in the labour force who are unemployed,2022,0,Female,,%,Reanalysed,Free,End of fieldwork,15 to 19 years old
Qatar,QA,QAT,634,Percentage of adolescents (aged 15-19 years) in the labour force who are unemployed,2022,0,Male,,%,Reanalysed,Free,End of fieldwork,15 to 19 years old
Qatar,QA,QAT,634,Percentage of adolescents (aged 15-19 years) in the labour force who are unemployed,2022,0,Total,,%,Reanalysed,Free,End of fieldwork,15 to 19 years old
South Korea,KR,KOR,410,Percentage of adolescents (aged 15-19 years) in the labour force who are unemployed,2023,5.5,Female,,%,Reanalysed,Free,End of fieldwork,15 to 19 years old
South Korea,KR,KOR,410,Percentage of adolescents (aged 15-19 years) in the labour force who are unemployed,2023,7.9,Male,,%,Reanalysed,Free,End of fieldwork,15 to 19 years old
South Korea,KR,KOR,410,Percentage of adolescents (aged 15-19 years) in the labour force who are unemployed,2023,6.5,Total,,%,Reanalysed,Free,End of fieldwork,15 to 19 years old
"Moldova, Republic of",MD,MDA,498,Percentage of adolescents (aged 15-19 years) in the labour force who are unemployed,2017,2.6,Total,,%,Reanalysed,Free,End of fieldwork,15 to 19 years old
Romania,RO,ROU,642,Percentage of adolescents (aged 15-19 years) in the labour force who are unemployed,2023,40.4,Female,,%,Reanalysed,Free,End of fieldwork,15 to 19 years old
Romania,RO,ROU,642,Percentage of adolescents (aged 15-19 years) in the labour force who are unemployed,2023,44.3,Male,,%,Reanalysed,Free,End of fieldwork,15 to 19 years old
Romania,RO,ROU,642,Percentage of adolescents (aged 15-19 years) in the labour force who are unemployed,2023,43,Total,,%,Reanalysed,Free,End of fieldwork,15 to 19 years old
Russian Federation,RU,RUS,643,Percentage of adolescents (aged 15-19 years) in the labour force who are unemployed,2023,21,Female,,%,Reanalysed,Free,End of fieldwork,15 to 19 years old
Russian Federation,RU,RUS,643,Percentage of adolescents (aged 15-19 years) in the labour force who are unemployed,2023,18.1,Male,,%,Reanalysed,Free,End of fieldwork,15 to 19 years old
Russian Federation,RU,RUS,643,Percentage of adolescents (aged 15-19 years) in the labour force who are unemployed,2023,19.3,Total,,%,Reanalysed,Free,End of fieldwork,15 to 19 years old
Rwanda,RW,RWA,646,Percentage of adolescents (aged 15-19 years) in the labour force who are unemployed,2023,17.2,Female,,%,Reanalysed,Free,End of fieldwork,15 to 19 years old
Rwanda,RW,RWA,646,Percentage of adolescents (aged 15-19 years) in the labour force who are unemployed,2023,20.6,Male,,%,Reanalysed,Free,End of fieldwork,15 to 19 years old
Rwanda,RW,RWA,646,Percentage of adolescents (aged 15-19 years) in the labour force who are unemployed,2023,19,Total,,%,Reanalysed,Free,End of fieldwork,15 to 19 years old
Runion,RE,REU,638,Percentage of adolescents (aged 15-19 years) in the labour force who are unemployed,2016,56,Female,,%,Reanalysed,Free,End of fieldwork,15 to 19 years old
Runion,RE,REU,638,Percentage of adolescents (aged 15-19 years) in the labour force who are unemployed,2016,53.7,Male,,%,Reanalysed,Free,End of fieldwork,15 to 19 years old
Runion,RE,REU,638,Percentage of adolescents (aged 15-19 years) in the labour force who are unemployed,2016,54.6,Total,,%,Reanalysed,Free,End of fieldwork,15 to 19 years old
Saint Lucia,LC,LCA,662,Percentage of adolescents (aged 15-19 years) in the labour force who are unemployed,2022,54,Female,,%,Reanalysed,Free,End of fieldwork,15 to 19 years old
Saint Lucia,LC,LCA,662,Percentage of adolescents (aged 15-19 years) in the labour force who are unemployed,2022,62.3,Male,,%,Reanalysed,Free,End of fieldwork,15 to 19 years old
Saint Lucia,LC,LCA,662,Percentage of adolescents (aged 15-19 years) in the labour force who are unemployed,2022,58.8,Total,,%,Reanalysed,Free,End of fieldwork,15 to 19 years old
Samoa,WS,WSM,882,Percentage of adolescents (aged 15-19 years) in the labour force who are unemployed,2022,37.3,Female,,%,Reanalysed,Free,End of fieldwork,15 to 19 years old
Samoa,WS,WSM,882,Percentage of adolescents (aged 15-19 years) in the labour force who are unemployed,2022,15.9,Total,,%,Reanalysed,Free,End of fieldwork,15 to 19 years old
San Marino,SM,SMR,674,Percentage of adolescents (aged 15-19 years) in the labour force who are unemployed,2022,20.2,Female,,%,Reanalysed,Free,End of fieldwork,16 to 19 years old
San Marino,SM,SMR,674,Percentage of adolescents (aged 15-19 years) in the labour force who are unemployed,2022,12.5,Male,,%,Reanalysed,Free,End of fieldwork,16 to 19 years old
San Marino,SM,SMR,674,Percentage of adolescents (aged 15-19 years) in the labour force who are unemployed,2022,15.5,Total,,%,Reanalysed,Free,End of fieldwork,16 to 19 years old
Sao Tome and Principe,ST,STP,678,Percentage of adolescents (aged 15-19 years) in the labour force who are unemployed,2017,9.4,Female,,%,Reanalysed,Free,End of fieldwork,9 to 19 years old
Sao Tome and Principe,ST,STP,678,Percentage of adolescents (aged 15-19 years) in the labour force who are unemployed,2017,8.7,Male,,%,Reanalysed,Free,End of fieldwork,9 to 19 years old
Sao Tome and Principe,ST,STP,678,Percentage of adolescents (aged 15-19 years) in the labour force who are unemployed,2017,9,Total,,%,Reanalysed,Free,End of fieldwork,9 to 19 years old
Saudi Arabia,SA,SAU,682,Percentage of adolescents (aged 15-19 years) in the labour force who are unemployed,2016,44.4,Female,,%,Reanalysed,Free,End of fieldwork,15 to 19 years old
Saudi Arabia,SA,SAU,682,Percentage of adolescents (aged 15-19 years) in the labour force who are unemployed,2016,27.3,Male,,%,Reanalysed,Free,End of fieldwork,15 to 19 years old
Saudi Arabia,SA,SAU,682,Percentage of adolescents (aged 15-19 years) in the labour force who are unemployed,2016,30.6,Total,,%,Reanalysed,Free,End of fieldwork,15 to 19 years old
Senegal,SN,SEN,686,Percentage of adolescents (aged 15-19 years) in the labour force who are unemployed,2022,4.1,Female,,%,Reanalysed,Free,End of fieldwork,15 to 19 years old
Senegal,SN,SEN,686,Percentage of adolescents (aged 15-19 years) in the labour force who are unemployed,2022,2.3,Male,,%,Reanalysed,Free,End of fieldwork,15 to 19 years old
Senegal,SN,SEN,686,Percentage of adolescents (aged 15-19 years) in the labour force who are unemployed,2022,2.8,Total,,%,Reanalysed,Free,End of fieldwork,15 to 19 years old
Serbia,RS,SRB,688,Percentage of adolescents (aged 15-19 years) in the labour force who are unemployed,2023,29.9,Female,,%,Reanalysed,Free,End of fieldwork,15 to 19 years old
Serbia,RS,SRB,688,Percentage of adolescents (aged 15-19 years) in the labour force who are unemployed,2023,33.7,Male,,%,Reanalysed,Free,End of fieldwork,15 to 19 years old
Serbia,RS,SRB,688,Percentage of adolescents (aged 15-19 years) in the labour force who are unemployed,2023,32.5,Total,,%,Reanalysed,Free,End of fieldwork,15 to 19 years old
Seychelles,SC,SYC,690,Percentage of adolescents (aged 15-19 years) in the labour force who are unemployed,2023,16.1,Male,,%,Reanalysed,Free,End of fieldwork,15 to 19 years old
Seychelles,SC,SYC,690,Percentage of adolescents (aged 15-19 years) in the labour force who are unemployed,2023,15,Total,,%,Reanalysed,Free,End of fieldwork,15 to 19 years old
Sierra Leone,SL,SLE,694,Percentage of adolescents (aged 15-19 years) in the labour force who are unemployed,2018,1.9,Total,,%,Reanalysed,Free,End of fieldwork,15 to 19 years old
Singapore,SG,SGP,702,Percentage of adolescents (aged 15-19 years) in the labour force who are unemployed,2023,12.6,Female,,%,Reanalysed,Free,End of fieldwork,15 to 19 years old
Singapore,SG,SGP,702,Percentage of adolescents (aged 15-19 years) in the labour force who are unemployed,2023,8,Total,,%,Reanalysed,Free,End of fieldwork,15 to 19 years old
Slovakia,SK,SVK,703,Percentage of adolescents (aged 15-19 years) in the labour force who are unemployed,2022,66.8,Female,,%,Reanalysed,Free,End of fieldwork,15 to 19 years old
Slovakia,SK,SVK,703,Percentage of adolescents (aged 15-19 years) in the labour force who are unemployed,2022,51.7,Male,,%,Reanalysed,Free,End of fieldwork,15 to 19 years old
Slovakia,SK,SVK,703,Percentage of adolescents (aged 15-19 years) in the labour force who are unemployed,2022,57.6,Total,,%,Reanalysed,Free,End of fieldwork,15 to 19 years old
Slovenia,SI,SVN,705,Percentage of adolescents (aged 15-19 years) in the labour force who are unemployed,2022,14.6,Female,,%,Reanalysed,Free,End of fieldwork,15 to 19 years old
Slovenia,SI,SVN,705,Percentage of adolescents (aged 15-19 years) in the labour force who are unemployed,2022,15.9,Male,,%,Reanalysed,Free,End of fieldwork,15 to 19 years old
Slovenia,SI,SVN,705,Percentage of adolescents (aged 15-19 years) in the labour force who are unemployed,2022,15.2,Total,,%,Reanalysed,Free,End of fieldwork,15 to 19 years old
Solomon Islands,SB,SLB,90,Percentage of adolescents (aged 15-19 years) in the labour force who are unemployed,2013,1.2,Total,,%,Reanalysed,Free,End of fieldwork,15 to 19 years old
Somalia,SO,SOM,706,Percentage of adolescents (aged 15-19 years) in the labour force who are unemployed,2019,36.7,Female,,%,Reanalysed,Free,End of fieldwork,15 to 19 years old
Somalia,SO,SOM,706,Percentage of adolescents (aged 15-19 years) in the labour force who are unemployed,2019,40,Male,,%,Reanalysed,Free,End of fieldwork,15 to 19 years old
Somalia,SO,SOM,706,Percentage of adolescents (aged 15-19 years) in the labour force who are unemployed,2019,38.6,Total,,%,Reanalysed,Free,End of fieldwork,15 to 19 years old
South Africa,ZA,ZAF,710,Percentage of adolescents (aged 15-19 years) in the labour force who are unemployed,2023,77.6,Female,,%,Reanalysed,Free,End of fieldwork,15 to 19 years old
South Africa,ZA,ZAF,710,Percentage of adolescents (aged 15-19 years) in the labour force who are unemployed,2023,70.5,Male,,%,Reanalysed,Free,End of fieldwork,15 to 19 years old
South Africa,ZA,ZAF,710,Percentage of adolescents (aged 15-19 years) in the labour force who are unemployed,2023,74,Total,,%,Reanalysed,Free,End of fieldwork,15 to 19 years old
Spain,ES,ESP,724,Percentage of adolescents (aged 15-19 years) in the labour force who are unemployed,2023,42.8,Female,,%,Reanalysed,Free,End of fieldwork,15 to 19 years old
Spain,ES,ESP,724,Percentage of adolescents (aged 15-19 years) in the labour force who are unemployed,2023,43.3,Male,,%,Reanalysed,Free,End of fieldwork,15 to 19 years old
Spain,ES,ESP,724,Percentage of adolescents (aged 15-19 years) in the labour force who are unemployed,2023,43.1,Total,,%,Reanalysed,Free,End of fieldwork,15 to 19 years old
Sri Lanka,LK,LKA,144,Percentage of adolescents (aged 15-19 years) in the labour force who are unemployed,2022,26.5,Female,,%,Reanalysed,Free,End of fieldwork,15 to 19 years old
Sri Lanka,LK,LKA,144,Percentage of adolescents (aged 15-19 years) in the labour force who are unemployed,2022,26.3,Male,,%,Reanalysed,Free,End of fieldwork,15 to 19 years old
Sri Lanka,LK,LKA,144,Percentage of adolescents (aged 15-19 years) in the labour force who are unemployed,2022,26.4,Total,,%,Reanalysed,Free,End of fieldwork,15 to 19 years old
"Palestinian Territory, Occupied",PS,PSE,275,Percentage of adolescents (aged 15-19 years) in the labour force who are unemployed,2022,33,Female,,%,Reanalysed,Free,End of fieldwork,15 to 19 years old
"Palestinian Territory, Occupied",PS,PSE,275,Percentage of adolescents (aged 15-19 years) in the labour force who are unemployed,2022,34.3,Male,,%,Reanalysed,Free,End of fieldwork,15 to 19 years old
"Palestinian Territory, Occupied",PS,PSE,275,Percentage of adolescents (aged 15-19 years) in the labour force who are unemployed,2022,34.2,Total,,%,Reanalysed,Free,End of fieldwork,15 to 19 years old
Sudan,SD,SDN,736,Percentage of adolescents (aged 15-19 years) in the labour force who are unemployed,2022,10.7,Male,,%,Reanalysed,Free,End of fieldwork,15 to 19 years old
Sudan,SD,SDN,736,Percentage of adolescents (aged 15-19 years) in the labour force who are unemployed,2022,10.1,Total,,%,Reanalysed,Free,End of fieldwork,15 to 19 years old
Suriname,SR,SUR,740,Percentage of adolescents (aged 15-19 years) in the labour force who are unemployed,2016,61.6,Female,,%,Reanalysed,Free,End of fieldwork,15 to 19 years old
Suriname,SR,SUR,740,Percentage of adolescents (aged 15-19 years) in the labour force who are unemployed,2016,23.3,Male,,%,Reanalysed,Free,End of fieldwork,15 to 19 years old
Suriname,SR,SUR,740,Percentage of adolescents (aged 15-19 years) in the labour force who are unemployed,2016,35.7,Total,,%,Reanalysed,Free,End of fieldwork,15 to 19 years old
Sweden,SE,SWE,752,Percentage of adolescents (aged 15-19 years) in the labour force who are unemployed,2023,33,Female,,%,Reanalysed,Free,End of fieldwork,15 to 19 years old
Sweden,SE,SWE,752,Percentage of adolescents (aged 15-19 years) in the labour force who are unemployed,2023,38.6,Male,,%,Reanalysed,Free,End of fieldwork,15 to 19 years old
Sweden,SE,SWE,752,Percentage of adolescents (aged 15-19 years) in the labour force who are unemployed,2023,35.6,Total,,%,Reanalysed,Free,End of fieldwork,15 to 19 years old
Switzerland,CH,CHE,756,Percentage of adolescents (aged 15-19 years) in the labour force who are unemployed,2023,9.4,Female,,%,Reanalysed,Free,End of fieldwork,15 to 19 years old
Switzerland,CH,CHE,756,Percentage of adolescents (aged 15-19 years) in the labour force who are unemployed,2023,7.9,Male,,%,Reanalysed,Free,End of fieldwork,15 to 19 years old
Switzerland,CH,CHE,756,Percentage of adolescents (aged 15-19 years) in the labour force who are unemployed,2023,8.6,Total,,%,Reanalysed,Free,End of fieldwork,15 to 19 years old
Syrian Arab Republic,SY,SYR,760,Percentage of adolescents (aged 15-19 years) in the labour force who are unemployed,2010,27.2,Female,,%,Reanalysed,Free,End of fieldwork,15 to 19 years old
Syrian Arab Republic,SY,SYR,760,Percentage of adolescents (aged 15-19 years) in the labour force who are unemployed,2010,19,Male,,%,Reanalysed,Free,End of fieldwork,15 to 19 years old
Syrian Arab Republic,SY,SYR,760,Percentage of adolescents (aged 15-19 years) in the labour force who are unemployed,2010,19.7,Total,,%,Reanalysed,Free,End of fieldwork,15 to 19 years old
Tajikistan,TJ,TJK,762,Percentage of adolescents (aged 15-19 years) in the labour force who are unemployed,2016,6.6,Female,,%,Reanalysed,Free,End of fieldwork,15 to 19 years old
Tajikistan,TJ,TJK,762,Percentage of adolescents (aged 15-19 years) in the labour force who are unemployed,2016,12.4,Male,,%,Reanalysed,Free,End of fieldwork,15 to 19 years old
Tajikistan,TJ,TJK,762,Percentage of adolescents (aged 15-19 years) in the labour force who are unemployed,2016,9.9,Total,,%,Reanalysed,Free,End of fieldwork,15 to 19 years old
Thailand,TH,THA,764,Percentage of adolescents (aged 15-19 years) in the labour force who are unemployed,2023,6.9,Female,,%,Reanalysed,Free,End of fieldwork,15 to 19 years old
Thailand,TH,THA,764,Percentage of adolescents (aged 15-19 years) in the labour force who are unemployed,2023,3.7,Male,,%,Reanalysed,Free,End of fieldwork,15 to 19 years old
Thailand,TH,THA,764,Percentage of adolescents (aged 15-19 years) in the labour force who are unemployed,2023,4.7,Total,,%,Reanalysed,Free,End of fieldwork,15 to 19 years old
Timor-Leste,TL,TLS,626,Percentage of adolescents (aged 15-19 years) in the labour force who are unemployed,2022,2.5,Female,,%,Reanalysed,Free,End of fieldwork,15 to 19 years old
Timor-Leste,TL,TLS,626,Percentage of adolescents (aged 15-19 years) in the labour force who are unemployed,2022,2.3,Male,,%,Reanalysed,Free,End of fieldwork,15 to 19 years old
Timor-Leste,TL,TLS,626,Percentage of adolescents (aged 15-19 years) in the labour force who are unemployed,2022,2.4,Total,,%,Reanalysed,Free,End of fieldwork,15 to 19 years old
Togo,TG,TGO,768,Percentage of adolescents (aged 15-19 years) in the labour force who are unemployed,2022,1.9,Total,,%,Reanalysed,Free,End of fieldwork,15 to 19 years old
Trinidad and Tobago,TT,TTO,780,Percentage of adolescents (aged 15-19 years) in the labour force who are unemployed,2022,16.5,Total,,%,Reanalysed,Free,End of fieldwork,15 to 19 years old
Tunisia,TN,TUN,788,Percentage of adolescents (aged 15-19 years) in the labour force who are unemployed,2023,33.8,Female,,%,Reanalysed,Free,End of fieldwork,15 to 19 years old
Tunisia,TN,TUN,788,Percentage of adolescents (aged 15-19 years) in the labour force who are unemployed,2023,42.7,Male,,%,Reanalysed,Free,End of fieldwork,15 to 19 years old
Tunisia,TN,TUN,788,Percentage of adolescents (aged 15-19 years) in the labour force who are unemployed,2023,40.5,Total,,%,Reanalysed,Free,End of fieldwork,15 to 19 years old
Tuvalu,TV,TUV,798,Percentage of adolescents (aged 15-19 years) in the labour force who are unemployed,2022,34.1,Female,,%,Reanalysed,Free,End of fieldwork,15 to 19 years old
Tuvalu,TV,TUV,798,Percentage of adolescents (aged 15-19 years) in the labour force who are unemployed,2022,30.5,Male,,%,Reanalysed,Free,End of fieldwork,15 to 19 years old
Tuvalu,TV,TUV,798,Percentage of adolescents (aged 15-19 years) in the labour force who are unemployed,2022,31.7,Total,,%,Reanalysed,Free,End of fieldwork,15 to 19 years old
Turkey,TR,TUR,792,Percentage of adolescents (aged 15-19 years) in the labour force who are unemployed,2023,19.2,Female,,%,Reanalysed,Free,End of fieldwork,15 to 19 years old
Turkey,TR,TUR,792,Percentage of adolescents (aged 15-19 years) in the labour force who are unemployed,2023,12.8,Male,,%,Reanalysed,Free,End of fieldwork,15 to 19 years old
Turkey,TR,TUR,792,Percentage of adolescents (aged 15-19 years) in the labour force who are unemployed,2023,14.6,Total,,%,Reanalysed,Free,End of fieldwork,15 to 19 years old
Uganda,UG,UGA,800,Percentage of adolescents (aged 15-19 years) in the labour force who are unemployed,2021,3.8,Female,,%,Reanalysed,Free,End of fieldwork,15 to 19 years old
Uganda,UG,UGA,800,Percentage of adolescents (aged 15-19 years) in the labour force who are unemployed,2021,2.5,Male,,%,Reanalysed,Free,End of fieldwork,15 to 19 years old
Uganda,UG,UGA,800,Percentage of adolescents (aged 15-19 years) in the labour force who are unemployed,2021,3.2,Total,,%,Reanalysed,Free,End of fieldwork,15 to 19 years old
Ukraine,UA,UKR,804,Percentage of adolescents (aged 15-19 years) in the labour force who are unemployed,2017,27.1,Female,,%,Reanalysed,Free,End of fieldwork,15 to 19 years old
Ukraine,UA,UKR,804,Percentage of adolescents (aged 15-19 years) in the labour force who are unemployed,2017,28.5,Male,,%,Reanalysed,Free,End of fieldwork,15 to 19 years old
Ukraine,UA,UKR,804,Percentage of adolescents (aged 15-19 years) in the labour force who are unemployed,2017,28,Total,,%,Reanalysed,Free,End of fieldwork,15 to 19 years old
United Arab Emirates,AE,ARE,784,Percentage of adolescents (aged 15-19 years) in the labour force who are unemployed,2023,37.2,Female,,%,Reanalysed,Free,End of fieldwork,15 to 19 years old
United Arab Emirates,AE,ARE,784,Percentage of adolescents (aged 15-19 years) in the labour force who are unemployed,2023,14.4,Male,,%,Reanalysed,Free,End of fieldwork,15 to 19 years old
United Arab Emirates,AE,ARE,784,Percentage of adolescents (aged 15-19 years) in the labour force who are unemployed,2023,18.3,Total,,%,Reanalysed,Free,End of fieldwork,15 to 19 years old
United Kingdom,GB,GBR,826,Percentage of adolescents (aged 15-19 years) in the labour force who are unemployed,2023,14.7,Female,,%,Reanalysed,Free,End of fieldwork,15 to 19 years old
United Kingdom,GB,GBR,826,Percentage of adolescents (aged 15-19 years) in the labour force who are unemployed,2023,19.6,Male,,%,Reanalysed,Free,End of fieldwork,15 to 19 years old
United Kingdom,GB,GBR,826,Percentage of adolescents (aged 15-19 years) in the labour force who are unemployed,2023,17.2,Total,,%,Reanalysed,Free,End of fieldwork,15 to 19 years old
"Tanzania, United Republic of",TZ,TZA,834,Percentage of adolescents (aged 15-19 years) in the labour force who are unemployed,2020,3,Female,,%,Reanalysed,Free,End of fieldwork,15 to 19 years old
"Tanzania, United Republic of",TZ,TZA,834,Percentage of adolescents (aged 15-19 years) in the labour force who are unemployed,2020,2.2,Male,,%,Reanalysed,Free,End of fieldwork,15 to 19 years old
"Tanzania, United Republic of",TZ,TZA,834,Percentage of adolescents (aged 15-19 years) in the labour force who are unemployed,2020,2.6,Total,,%,Reanalysed,Free,End of fieldwork,15 to 19 years old
United States,US,USA,840,Percentage of adolescents (aged 15-19 years) in the labour force who are unemployed,2023,10.1,Female,,%,Reanalysed,Free,End of fieldwork,16 to 19 years old
United States,US,USA,840,Percentage of adolescents (aged 15-19 years) in the labour force who are unemployed,2023,12.3,Male,,%,Reanalysed,Free,End of fieldwork,16 to 19 years old
United States,US,USA,840,Percentage of adolescents (aged 15-19 years) in the labour force who are unemployed,2023,11.2,Total,,%,Reanalysed,Free,End of fieldwork,16 to 19 years old
Uruguay,UY,URY,858,Percentage of adolescents (aged 15-19 years) in the labour force who are unemployed,2023,52.7,Female,,%,Reanalysed,Free,End of fieldwork,15 to 19 years old
Uruguay,UY,URY,858,Percentage of adolescents (aged 15-19 years) in the labour force who are unemployed,2023,38.7,Male,,%,Reanalysed,Free,End of fieldwork,15 to 19 years old
Uruguay,UY,URY,858,Percentage of adolescents (aged 15-19 years) in the labour force who are unemployed,2023,44.3,Total,,%,Reanalysed,Free,End of fieldwork,15 to 19 years old
Uzbekistan,UZ,UZB,860,Percentage of adolescents (aged 15-19 years) in the labour force who are unemployed,2020,20.7,Female,,%,Reanalysed,Free,End of fieldwork,15 to 19 years old
Uzbekistan,UZ,UZB,860,Percentage of adolescents (aged 15-19 years) in the labour force who are unemployed,2020,22,Male,,%,Reanalysed,Free,End of fieldwork,15 to 19 years old
Uzbekistan,UZ,UZB,860,Percentage of adolescents (aged 15-19 years) in the labour force who are unemployed,2020,21.4,Total,,%,Reanalysed,Free,End of fieldwork,15 to 19 years old
Vanuatu,VU,VUT,548,Percentage of adolescents (aged 15-19 years) in the labour force who are unemployed,2020,11.2,Female,,%,Reanalysed,Free,End of fieldwork,15 to 19 years old
Vanuatu,VU,VUT,548,Percentage of adolescents (aged 15-19 years) in the labour force who are unemployed,2020,9.6,Male,,%,Reanalysed,Free,End of fieldwork,15 to 19 years old
Vanuatu,VU,VUT,548,Percentage of adolescents (aged 15-19 years) in the labour force who are unemployed,2020,10.3,Total,,%,Reanalysed,Free,End of fieldwork,15 to 19 years old
"Venezuela, Bolivarian Republic of",VE,VEN,862,Percentage of adolescents (aged 15-19 years) in the labour force who are unemployed,2020,23.9,Female,,%,Reanalysed,Free,End of fieldwork,10 to 19 years old
"Venezuela, Bolivarian Republic of",VE,VEN,862,Percentage of adolescents (aged 15-19 years) in the labour force who are unemployed,2020,21.3,Male,,%,Reanalysed,Free,End of fieldwork,10 to 19 years old
"Venezuela, Bolivarian Republic of",VE,VEN,862,Percentage of adolescents (aged 15-19 years) in the labour force who are unemployed,2020,22.2,Total,,%,Reanalysed,Free,End of fieldwork,10 to 19 years old
Vietnam,VN,VNM,704,Percentage of adolescents (aged 15-19 years) in the labour force who are unemployed,2023,6.3,Female,,%,Reanalysed,Free,End of fieldwork,15 to 19 years old
Vietnam,VN,VNM,704,Percentage of adolescents (aged 15-19 years) in the labour force who are unemployed,2023,6.7,Male,,%,Reanalysed,Free,End of fieldwork,15 to 19 years old
Vietnam,VN,VNM,704,Percentage of adolescents (aged 15-19 years) in the labour force who are unemployed,2023,6.5,Total,,%,Reanalysed,Free,End of fieldwork,15 to 19 years old
Wallis and Futuna,WF,WLF,876,Percentage of adolescents (aged 15-19 years) in the labour force who are unemployed,2018,21.9,Total,,%,Reanalysed,Free,End of fieldwork,15 to 19 years old
Yemen,YE,YEM,887,Percentage of adolescents (aged 15-19 years) in the labour force who are unemployed,2014,29.2,Female,,%,Reanalysed,Free,End of fieldwork,15 to 19 years old
Yemen,YE,YEM,887,Percentage of adolescents (aged 15-19 years) in the labour force who are unemployed,2014,25.4,Male,,%,Reanalysed,Free,End of fieldwork,15 to 19 years old
Yemen,YE,YEM,887,Percentage of adolescents (aged 15-19 years) in the labour force who are unemployed,2014,25.8,Total,,%,Reanalysed,Free,End of fieldwork,15 to 19 years old
Zambia,ZM,ZMB,894,Percentage of adolescents (aged 15-19 years) in the labour force who are unemployed,2022,6.5,Female,,%,Reanalysed,Free,End of fieldwork,15 to 19 years old
Zambia,ZM,ZMB,894,Percentage of adolescents (aged 15-19 years) in the labour force who are unemployed,2022,7.3,Male,,%,Reanalysed,Free,End of fieldwork,15 to 19 years old
Zambia,ZM,ZMB,894,Percentage of adolescents (aged 15-19 years) in the labour force who are unemployed,2022,6.9,Total,,%,Reanalysed,Free,End of fieldwork,15 to 19 years old
Zimbabwe,ZW,ZWE,716,Percentage of adolescents (aged 15-19 years) in the labour force who are unemployed,2023,13.9,Female,,%,Reanalysed,Free,End of fieldwork,15 to 19 years old
Zimbabwe,ZW,ZWE,716,Percentage of adolescents (aged 15-19 years) in the labour force who are unemployed,2023,12,Male,,%,Reanalysed,Free,End of fieldwork,15 to 19 years old
Zimbabwe,ZW,ZWE,716,Percentage of adolescents (aged 15-19 years) in the labour force who are unemployed,2023,12.8,Total,,%,Reanalysed,Free,End of fieldwork,15 to 19 years old
